============================================================
   Tang Dynasty, V5.6.71036
      Copyright (c) 2012-2023 Anlogic Inc.
   Executable = D:/Anlogic/bin/td.exe
   Built at =   20:34:38 Mar 21 2023
   Run by =     lkin
   Run Date =   Tue Nov 18 18:45:46 2025

   Run on =     LAPTOP-90SJ6A72
============================================================
RUN-1001 : open_run phy_1.
RUN-1002 : start command "import_db C:/Users/lkin/Desktop/DaChuang/Code/td_prj/DaChuang_Runs/phy_1/DaChuang_pr.db"
RUN-1001 : Importing database generated by Tang Dynasty, V5.6.71036.
RUN-1001 : Database version number 46146.
RUN-1001 : Import flow parameters
PHY-1001 : Generate detailed routing grids ...
PHY-1001 : Generate nets ...
PHY-1001 : net clk_dup_3 will be routed on clock mesh
PHY-1001 : clock net config_inst_syn_10 will be merged with clock config_inst_syn_9
PHY-1001 : eco open net = 0
PHY-1001 : 2 feed throughs used by 2 nets
RUN-1001 : Import IO constraints
RUN-1001 : Import Inst constraints
RUN-1001 : Import ChipWatcher
RUN-1001 : Import design success TD_VERSION=5.6.71036 , DB_VERSION=46146
RUN-1003 : finish command "import_db C:/Users/lkin/Desktop/DaChuang/Code/td_prj/DaChuang_Runs/phy_1/DaChuang_pr.db" in  3.614032s wall, 2.328125s user + 0.078125s system = 2.406250s CPU (66.6%)

RUN-1004 : used memory is 554 MB, reserved memory is 517 MB, peak memory is 594 MB
RUN-1002 : start command "download -bit DaChuang_Runs\phy_1\DaChuang.bit -mode jtag -spd 7 -sec 64 -cable 0"
PRG-2014 : Chip validation success: EAGLE_S20_BG256
RUN-1002 : start command "bit_to_vec -chip EAGLE_S20_BG256 -m jtag_burst -freq 4 -bit DaChuang_Runs/phy_1/DaChuang.bit"
RUN-1002 : start command "program -cable 0 -mode svf -spd 7 -p"
RUN-1003 : finish command "program -cable 0 -mode svf -spd 7 -p" in  6.259450s wall, 0.000000s user + 0.000000s system = 0.000000s CPU (n/a%)

RUN-1004 : used memory is 621 MB, reserved memory is 559 MB, peak memory is 636 MB
RUN-1003 : finish command "download -bit DaChuang_Runs\phy_1\DaChuang.bit -mode jtag -spd 7 -sec 64 -cable 0" in  6.460880s wall, 0.031250s user + 0.015625s system = 0.046875s CPU (0.7%)

RUN-1004 : used memory is 621 MB, reserved memory is 559 MB, peak memory is 636 MB
GUI-1001 : Downloading succeeded!
HDL-1007 : analyze verilog file ../rtl/HC_SR04.v
RUN-1002 : start command "config_chipwatcher -sync DaChuang.cwc -dir "
KIT-1004 : ChipWatcher: import watcher inst auto_chipwatcher_0 completed, there are 2 view nodes, 2 trigger nets, 2 data nets.
GUI-1001 : Import DaChuang.cwc success!
GUI-1001 : User opens ChipWatcher ...
KIT-1004 : ChipWatcher: write ctrl reg value: 0000000000000000000000000000000000000000
KIT-1004 : ChipWatcher: write ctrl reg value: 0000110101110010000000000000000001000000
KIT-1004 : ChipWatcher: the value of status register = 110000100010000000
RUN-1002 : start command "rdbk_bram -bram 0X0004 -cable 0 -total_dev 1 -cur_dev 1"
KIT-1001 : Read back data from BRAM 0X0004 successfully.
RUN-1002 : start command "rdbk_bram -bram 0X0005 -cable 0 -total_dev 1 -cur_dev 1"
KIT-1001 : Read back data from BRAM 0X0005 successfully.
SYN-2541 : Attrs-to-init for 2 logic bram(s)
SYN-2541 : Reading sub[0] auto_chipwatcher_0_logicbram_syn_1
SYN-2541 : Reading sub[1] auto_chipwatcher_0_logicbram_syn_3
KIT-1004 : ChipWatcher: write ctrl reg value: 0000110101110010000000000000000000000000
KIT-1004 : ChipWatcher: write ctrl reg value: 0000000000000000000000000000000000000000
KIT-1004 : ChipWatcher: write ctrl reg value: 0001110101110010000000000000000001000000
KIT-1004 : ChipWatcher: the value of status register = 110000011101100110
RUN-1002 : start command "rdbk_bram -bram 0X0004 -cable 0 -total_dev 1 -cur_dev 1"
KIT-1001 : Read back data from BRAM 0X0004 successfully.
RUN-1002 : start command "rdbk_bram -bram 0X0005 -cable 0 -total_dev 1 -cur_dev 1"
KIT-1001 : Read back data from BRAM 0X0005 successfully.
SYN-2541 : Attrs-to-init for 2 logic bram(s)
SYN-2541 : Reading sub[0] auto_chipwatcher_0_logicbram_syn_1
SYN-2541 : Reading sub[1] auto_chipwatcher_0_logicbram_syn_3
KIT-1004 : ChipWatcher: write ctrl reg value: 0001110101110010000000000000000000000000
PRG-1000 : <!-- HMAC is: e2a18ed90793427e62f5c31b729dbcb6581efe6fb469d30ea218264178da3627 -->
RUN-1001 : reset_run syn_1 phy_1.
GUI-6001 WARNING: File C:/Users/lkin/Desktop/DaChuang/Code/td_prj/DaChuang_Runs/phy_1/DaChuang.bit does not exist!
RUN-1001 : launch_runs syn_1 phy_1  -jobs 6.
RUN-1001 : syn_1: run complete.
RUN-1001 : phy_1: run complete.
RUN-1001 : open_run phy_1.
RUN-1002 : start command "import_db C:/Users/lkin/Desktop/DaChuang/Code/td_prj/DaChuang_Runs/phy_1/DaChuang_pr.db"
RUN-1001 : Importing database generated by Tang Dynasty, V5.6.71036.
RUN-1001 : Database version number 46146.
RUN-1001 : Import flow parameters
PHY-1001 : Generate detailed routing grids ...
PHY-1001 : Generate nets ...
PHY-1001 : net clk_dup_3 will be routed on clock mesh
PHY-1001 : clock net config_inst_syn_10 will be merged with clock config_inst_syn_9
PHY-1001 : eco open net = 0
PHY-1001 : 11 feed throughs used by 9 nets
RUN-1001 : Import IO constraints
RUN-1001 : Import Inst constraints
RUN-1001 : Import ChipWatcher
RUN-1001 : Import design success TD_VERSION=5.6.71036 , DB_VERSION=46146
RUN-1003 : finish command "import_db C:/Users/lkin/Desktop/DaChuang/Code/td_prj/DaChuang_Runs/phy_1/DaChuang_pr.db" in  1.539353s wall, 1.156250s user + 0.078125s system = 1.234375s CPU (80.2%)

RUN-1004 : used memory is 641 MB, reserved memory is 581 MB, peak memory is 684 MB
RUN-1002 : start command "config_chipwatcher -sync DaChuang.cwc -dir "
KIT-1004 : ChipWatcher: import watcher inst auto_chipwatcher_0 completed, there are 3 view nodes, 32 trigger nets, 32 data nets.
GUI-1001 : Import DaChuang.cwc success!
RUN-1002 : start command "download -bit DaChuang_Runs/phy_1/DaChuang.bit -mode jtag_burst -spd 7 -cable 0 -total_dev 1 -cur_dev 1"
PRG-2014 : Chip validation success: EAGLE_S20_BG256
RUN-1002 : start command "bit_to_vec -chip EAGLE_S20_BG256 -m jtag_burst -freq 4 -bit DaChuang_Runs/phy_1/DaChuang.bit"
RUN-1002 : start command "program -cable 0 -mode svf -spd 7 -p"
RUN-1003 : finish command "program -cable 0 -mode svf -spd 7 -p" in  6.609580s wall, 0.000000s user + 0.000000s system = 0.000000s CPU (n/a%)

RUN-1004 : used memory is 655 MB, reserved memory is 593 MB, peak memory is 684 MB
RUN-1003 : finish command "download -bit DaChuang_Runs/phy_1/DaChuang.bit -mode jtag_burst -spd 7 -cable 0 -total_dev 1 -cur_dev 1" in  6.809818s wall, 0.062500s user + 0.000000s system = 0.062500s CPU (0.9%)

RUN-1004 : used memory is 655 MB, reserved memory is 593 MB, peak memory is 684 MB
GUI-1001 : Downloading succeeded!
KIT-1004 : ChipWatcher: write ctrl reg value: 00000000000000000000000000000000000000000000000000000000000000000000000000000000000000000000000000000000
KIT-1004 : ChipWatcher: write ctrl reg value: 01101111111111111111111111111111110000000000000000000000000000000001110101110010000000000000000001000000
KIT-1004 : ChipWatcher: the value of status register = 010001100110011111
KIT-1004 : ChipWatcher: the value of status register = 110000001101011011
RUN-1002 : start command "rdbk_bram -bram 0X0004 -cable 0 -total_dev 1 -cur_dev 1"
KIT-1001 : Read back data from BRAM 0X0004 successfully.
RUN-1002 : start command "rdbk_bram -bram 0X0005 -cable 0 -total_dev 1 -cur_dev 1"
KIT-1001 : Read back data from BRAM 0X0005 successfully.
RUN-1002 : start command "rdbk_bram -bram 0X0006 -cable 0 -total_dev 1 -cur_dev 1"
KIT-1001 : Read back data from BRAM 0X0006 successfully.
RUN-1002 : start command "rdbk_bram -bram 0X0007 -cable 0 -total_dev 1 -cur_dev 1"
KIT-1001 : Read back data from BRAM 0X0007 successfully.
RUN-1002 : start command "rdbk_bram -bram 0X0008 -cable 0 -total_dev 1 -cur_dev 1"
KIT-1001 : Read back data from BRAM 0X0008 successfully.
RUN-1002 : start command "rdbk_bram -bram 0X0009 -cable 0 -total_dev 1 -cur_dev 1"
KIT-1001 : Read back data from BRAM 0X0009 successfully.
RUN-1002 : start command "rdbk_bram -bram 0X000A -cable 0 -total_dev 1 -cur_dev 1"
KIT-1001 : Read back data from BRAM 0X000A successfully.
RUN-1002 : start command "rdbk_bram -bram 0X000B -cable 0 -total_dev 1 -cur_dev 1"
KIT-1001 : Read back data from BRAM 0X000B successfully.
RUN-1002 : start command "rdbk_bram -bram 0X000C -cable 0 -total_dev 1 -cur_dev 1"
KIT-1001 : Read back data from BRAM 0X000C successfully.
RUN-1002 : start command "rdbk_bram -bram 0X000D -cable 0 -total_dev 1 -cur_dev 1"
KIT-1001 : Read back data from BRAM 0X000D successfully.
RUN-1002 : start command "rdbk_bram -bram 0X000E -cable 0 -total_dev 1 -cur_dev 1"
KIT-1001 : Read back data from BRAM 0X000E successfully.
RUN-1002 : start command "rdbk_bram -bram 0X000F -cable 0 -total_dev 1 -cur_dev 1"
KIT-1001 : Read back data from BRAM 0X000F successfully.
RUN-1002 : start command "rdbk_bram -bram 0X0010 -cable 0 -total_dev 1 -cur_dev 1"
KIT-1001 : Read back data from BRAM 0X0010 successfully.
RUN-1002 : start command "rdbk_bram -bram 0X0011 -cable 0 -total_dev 1 -cur_dev 1"
KIT-1001 : Read back data from BRAM 0X0011 successfully.
RUN-1002 : start command "rdbk_bram -bram 0X0012 -cable 0 -total_dev 1 -cur_dev 1"
KIT-1001 : Read back data from BRAM 0X0012 successfully.
RUN-1002 : start command "rdbk_bram -bram 0X0013 -cable 0 -total_dev 1 -cur_dev 1"
KIT-1001 : Read back data from BRAM 0X0013 successfully.
RUN-1002 : start command "rdbk_bram -bram 0X0014 -cable 0 -total_dev 1 -cur_dev 1"
KIT-1001 : Read back data from BRAM 0X0014 successfully.
RUN-1002 : start command "rdbk_bram -bram 0X0015 -cable 0 -total_dev 1 -cur_dev 1"
KIT-1001 : Read back data from BRAM 0X0015 successfully.
RUN-1002 : start command "rdbk_bram -bram 0X0016 -cable 0 -total_dev 1 -cur_dev 1"
KIT-1001 : Read back data from BRAM 0X0016 successfully.
RUN-1002 : start command "rdbk_bram -bram 0X0017 -cable 0 -total_dev 1 -cur_dev 1"
KIT-1001 : Read back data from BRAM 0X0017 successfully.
RUN-1002 : start command "rdbk_bram -bram 0X0018 -cable 0 -total_dev 1 -cur_dev 1"
KIT-1001 : Read back data from BRAM 0X0018 successfully.
RUN-1002 : start command "rdbk_bram -bram 0X0019 -cable 0 -total_dev 1 -cur_dev 1"
KIT-1001 : Read back data from BRAM 0X0019 successfully.
RUN-1002 : start command "rdbk_bram -bram 0X001A -cable 0 -total_dev 1 -cur_dev 1"
KIT-1001 : Read back data from BRAM 0X001A successfully.
RUN-1002 : start command "rdbk_bram -bram 0X001B -cable 0 -total_dev 1 -cur_dev 1"
KIT-1001 : Read back data from BRAM 0X001B successfully.
RUN-1002 : start command "rdbk_bram -bram 0X001C -cable 0 -total_dev 1 -cur_dev 1"
KIT-1001 : Read back data from BRAM 0X001C successfully.
RUN-1002 : start command "rdbk_bram -bram 0X001D -cable 0 -total_dev 1 -cur_dev 1"
KIT-1001 : Read back data from BRAM 0X001D successfully.
RUN-1002 : start command "rdbk_bram -bram 0X001E -cable 0 -total_dev 1 -cur_dev 1"
KIT-1001 : Read back data from BRAM 0X001E successfully.
RUN-1002 : start command "rdbk_bram -bram 0X001F -cable 0 -total_dev 1 -cur_dev 1"
KIT-1001 : Read back data from BRAM 0X001F successfully.
RUN-1002 : start command "rdbk_bram -bram 0X0020 -cable 0 -total_dev 1 -cur_dev 1"
KIT-1001 : Read back data from BRAM 0X0020 successfully.
SYN-2541 : Attrs-to-init for 29 logic bram(s)
SYN-2541 : Reading sub[0] auto_chipwatcher_0_logicbram_syn_1
SYN-2541 : Reading sub[1] auto_chipwatcher_0_logicbram_syn_11
SYN-2541 : Reading sub[2] auto_chipwatcher_0_logicbram_syn_21
SYN-2541 : Reading sub[3] auto_chipwatcher_0_logicbram_syn_31
SYN-2541 : Reading sub[4] auto_chipwatcher_0_logicbram_syn_41
SYN-2541 : Reading sub[5] auto_chipwatcher_0_logicbram_syn_51
SYN-2541 : Reading sub[6] auto_chipwatcher_0_logicbram_syn_61
SYN-2541 : Reading sub[7] auto_chipwatcher_0_logicbram_syn_71
SYN-2541 : Reading sub[8] auto_chipwatcher_0_logicbram_syn_81
SYN-2541 : Reading sub[9] auto_chipwatcher_0_logicbram_syn_91
SYN-2541 : Reading sub[10] auto_chipwatcher_0_logicbram_syn_101
SYN-2541 : Reading sub[11] auto_chipwatcher_0_logicbram_syn_111
SYN-2541 : Reading sub[12] auto_chipwatcher_0_logicbram_syn_121
SYN-2541 : Reading sub[13] auto_chipwatcher_0_logicbram_syn_131
SYN-2541 : Reading sub[14] auto_chipwatcher_0_logicbram_syn_141
SYN-2541 : Reading sub[15] auto_chipwatcher_0_logicbram_syn_151
SYN-2541 : Reading sub[16] auto_chipwatcher_0_logicbram_syn_161
SYN-2541 : Reading sub[17] auto_chipwatcher_0_logicbram_syn_171
SYN-2541 : Reading sub[18] auto_chipwatcher_0_logicbram_syn_181
SYN-2541 : Reading sub[19] auto_chipwatcher_0_logicbram_syn_191
SYN-2541 : Reading sub[20] auto_chipwatcher_0_logicbram_syn_201
SYN-2541 : Reading sub[21] auto_chipwatcher_0_logicbram_syn_211
SYN-2541 : Reading sub[22] auto_chipwatcher_0_logicbram_syn_221
SYN-2541 : Reading sub[23] auto_chipwatcher_0_logicbram_syn_231
SYN-2541 : Reading sub[24] auto_chipwatcher_0_logicbram_syn_241
SYN-2541 : Reading sub[25] auto_chipwatcher_0_logicbram_syn_243
SYN-2541 : Reading sub[26] auto_chipwatcher_0_logicbram_syn_245
SYN-2541 : Reading sub[27] auto_chipwatcher_0_logicbram_syn_247
SYN-2541 : Reading sub[28] auto_chipwatcher_0_logicbram_syn_249
KIT-1004 : ChipWatcher: write ctrl reg value: 01101111111111111111111111111111110000000000000000000000000000000001110101110010000000000000000000000000
PRG-1000 : <!-- HMAC is: 48dd32fd0a5807fb719e764cfa3232b64da64577ac929e025af2e67ce248461c -->
RUN-1001 : reset_run syn_1 phy_1.
GUI-6001 WARNING: File C:/Users/lkin/Desktop/DaChuang/Code/td_prj/DaChuang_Runs/phy_1/DaChuang.bit does not exist!
RUN-1001 : launch_runs syn_1 phy_1  -jobs 6.
RUN-1001 : syn_1: run complete.
RUN-1001 : phy_1: run complete.
RUN-1001 : open_run phy_1.
RUN-1002 : start command "import_db C:/Users/lkin/Desktop/DaChuang/Code/td_prj/DaChuang_Runs/phy_1/DaChuang_pr.db"
RUN-1001 : Importing database generated by Tang Dynasty, V5.6.71036.
RUN-1001 : Database version number 46146.
RUN-1001 : Import flow parameters
PHY-1001 : Generate detailed routing grids ...
PHY-1001 : Generate nets ...
PHY-1001 : net clk_dup_3 will be routed on clock mesh
PHY-1001 : clock net config_inst_syn_10 will be merged with clock config_inst_syn_9
PHY-1001 : eco open net = 0
PHY-1001 : 22 feed throughs used by 18 nets
RUN-1001 : Import IO constraints
RUN-1001 : Import Inst constraints
RUN-1001 : Import ChipWatcher
RUN-1001 : Import design success TD_VERSION=5.6.71036 , DB_VERSION=46146
RUN-1003 : finish command "import_db C:/Users/lkin/Desktop/DaChuang/Code/td_prj/DaChuang_Runs/phy_1/DaChuang_pr.db" in  1.673985s wall, 0.375000s user + 0.046875s system = 0.421875s CPU (25.2%)

RUN-1004 : used memory is 673 MB, reserved memory is 618 MB, peak memory is 709 MB
RUN-1002 : start command "config_chipwatcher -sync DaChuang.cwc -dir "
KIT-1004 : ChipWatcher: import watcher inst auto_chipwatcher_0 completed, there are 4 view nodes, 64 trigger nets, 64 data nets.
GUI-1001 : Import DaChuang.cwc success!
RUN-1002 : start command "download -bit DaChuang_Runs/phy_1/DaChuang.bit -mode jtag_burst -spd 7 -cable 0 -total_dev 1 -cur_dev 1"
PRG-2014 : Chip validation success: EAGLE_S20_BG256
RUN-1002 : start command "bit_to_vec -chip EAGLE_S20_BG256 -m jtag_burst -freq 4 -bit DaChuang_Runs/phy_1/DaChuang.bit"
RUN-1002 : start command "program -cable 0 -mode svf -spd 7 -p"
RUN-1003 : finish command "program -cable 0 -mode svf -spd 7 -p" in  6.913722s wall, 0.000000s user + 0.000000s system = 0.000000s CPU (n/a%)

RUN-1004 : used memory is 677 MB, reserved memory is 626 MB, peak memory is 709 MB
RUN-1003 : finish command "download -bit DaChuang_Runs/phy_1/DaChuang.bit -mode jtag_burst -spd 7 -cable 0 -total_dev 1 -cur_dev 1" in  7.116467s wall, 0.062500s user + 0.000000s system = 0.062500s CPU (0.9%)

RUN-1004 : used memory is 677 MB, reserved memory is 626 MB, peak memory is 709 MB
GUI-1001 : Downloading succeeded!
KIT-1004 : ChipWatcher: write ctrl reg value: 000000000000000000000000000000000000000000000000000000000000000000000000000000000000000000000000000000000000000000000000000000000000000000000000000000000000000000000000
KIT-1004 : ChipWatcher: write ctrl reg value: 011011111111111111111111111111111100000000000000000000000000000000011101101111111111111111111111111111111100000000000000000000000000000000010111001000000000000000000100
KIT-1004 : ChipWatcher: the value of status register = 110000111110001110
RUN-1002 : start command "rdbk_bram -bram 0X0004 -cable 0 -total_dev 1 -cur_dev 1"
KIT-1001 : Read back data from BRAM 0X0004 successfully.
RUN-1002 : start command "rdbk_bram -bram 0X0005 -cable 0 -total_dev 1 -cur_dev 1"
KIT-1001 : Read back data from BRAM 0X0005 successfully.
RUN-1002 : start command "rdbk_bram -bram 0X0006 -cable 0 -total_dev 1 -cur_dev 1"
KIT-1001 : Read back data from BRAM 0X0006 successfully.
RUN-1002 : start command "rdbk_bram -bram 0X0007 -cable 0 -total_dev 1 -cur_dev 1"
KIT-1001 : Read back data from BRAM 0X0007 successfully.
RUN-1002 : start command "rdbk_bram -bram 0X0008 -cable 0 -total_dev 1 -cur_dev 1"
KIT-1001 : Read back data from BRAM 0X0008 successfully.
RUN-1002 : start command "rdbk_bram -bram 0X0009 -cable 0 -total_dev 1 -cur_dev 1"
KIT-1001 : Read back data from BRAM 0X0009 successfully.
RUN-1002 : start command "rdbk_bram -bram 0X000A -cable 0 -total_dev 1 -cur_dev 1"
KIT-1001 : Read back data from BRAM 0X000A successfully.
RUN-1002 : start command "rdbk_bram -bram 0X000B -cable 0 -total_dev 1 -cur_dev 1"
KIT-1001 : Read back data from BRAM 0X000B successfully.
RUN-1002 : start command "rdbk_bram -bram 0X000C -cable 0 -total_dev 1 -cur_dev 1"
KIT-1001 : Read back data from BRAM 0X000C successfully.
RUN-1002 : start command "rdbk_bram -bram 0X000D -cable 0 -total_dev 1 -cur_dev 1"
KIT-1001 : Read back data from BRAM 0X000D successfully.
RUN-1002 : start command "rdbk_bram -bram 0X000E -cable 0 -total_dev 1 -cur_dev 1"
KIT-1001 : Read back data from BRAM 0X000E successfully.
RUN-1002 : start command "rdbk_bram -bram 0X000F -cable 0 -total_dev 1 -cur_dev 1"
KIT-1001 : Read back data from BRAM 0X000F successfully.
RUN-1002 : start command "rdbk_bram -bram 0X0010 -cable 0 -total_dev 1 -cur_dev 1"
KIT-1001 : Read back data from BRAM 0X0010 successfully.
RUN-1002 : start command "rdbk_bram -bram 0X0011 -cable 0 -total_dev 1 -cur_dev 1"
KIT-1001 : Read back data from BRAM 0X0011 successfully.
RUN-1002 : start command "rdbk_bram -bram 0X0012 -cable 0 -total_dev 1 -cur_dev 1"
KIT-1001 : Read back data from BRAM 0X0012 successfully.
RUN-1002 : start command "rdbk_bram -bram 0X0013 -cable 0 -total_dev 1 -cur_dev 1"
KIT-1001 : Read back data from BRAM 0X0013 successfully.
RUN-1002 : start command "rdbk_bram -bram 0X0014 -cable 0 -total_dev 1 -cur_dev 1"
KIT-1001 : Read back data from BRAM 0X0014 successfully.
RUN-1002 : start command "rdbk_bram -bram 0X0015 -cable 0 -total_dev 1 -cur_dev 1"
KIT-1001 : Read back data from BRAM 0X0015 successfully.
RUN-1002 : start command "rdbk_bram -bram 0X0016 -cable 0 -total_dev 1 -cur_dev 1"
KIT-1001 : Read back data from BRAM 0X0016 successfully.
RUN-1002 : start command "rdbk_bram -bram 0X0017 -cable 0 -total_dev 1 -cur_dev 1"
KIT-1001 : Read back data from BRAM 0X0017 successfully.
RUN-1002 : start command "rdbk_bram -bram 0X0018 -cable 0 -total_dev 1 -cur_dev 1"
KIT-1001 : Read back data from BRAM 0X0018 successfully.
RUN-1002 : start command "rdbk_bram -bram 0X0019 -cable 0 -total_dev 1 -cur_dev 1"
KIT-1001 : Read back data from BRAM 0X0019 successfully.
RUN-1002 : start command "rdbk_bram -bram 0X001A -cable 0 -total_dev 1 -cur_dev 1"
KIT-1001 : Read back data from BRAM 0X001A successfully.
RUN-1002 : start command "rdbk_bram -bram 0X001B -cable 0 -total_dev 1 -cur_dev 1"
KIT-1001 : Read back data from BRAM 0X001B successfully.
RUN-1002 : start command "rdbk_bram -bram 0X001C -cable 0 -total_dev 1 -cur_dev 1"
KIT-1001 : Read back data from BRAM 0X001C successfully.
RUN-1002 : start command "rdbk_bram -bram 0X001D -cable 0 -total_dev 1 -cur_dev 1"
KIT-1001 : Read back data from BRAM 0X001D successfully.
RUN-1002 : start command "rdbk_bram -bram 0X001E -cable 0 -total_dev 1 -cur_dev 1"
KIT-1001 : Read back data from BRAM 0X001E successfully.
RUN-1002 : start command "rdbk_bram -bram 0X001F -cable 0 -total_dev 1 -cur_dev 1"
KIT-1001 : Read back data from BRAM 0X001F successfully.
RUN-1002 : start command "rdbk_bram -bram 0X0020 -cable 0 -total_dev 1 -cur_dev 1"
KIT-1001 : Read back data from BRAM 0X0020 successfully.
RUN-1002 : start command "rdbk_bram -bram 0X0021 -cable 0 -total_dev 1 -cur_dev 1"
KIT-1001 : Read back data from BRAM 0X0021 successfully.
RUN-1002 : start command "rdbk_bram -bram 0X0022 -cable 0 -total_dev 1 -cur_dev 1"
KIT-1001 : Read back data from BRAM 0X0022 successfully.
RUN-1002 : start command "rdbk_bram -bram 0X0023 -cable 0 -total_dev 1 -cur_dev 1"
KIT-1001 : Read back data from BRAM 0X0023 successfully.
RUN-1002 : start command "rdbk_bram -bram 0X0024 -cable 0 -total_dev 1 -cur_dev 1"
KIT-1001 : Read back data from BRAM 0X0024 successfully.
RUN-1002 : start command "rdbk_bram -bram 0X0025 -cable 0 -total_dev 1 -cur_dev 1"
KIT-1001 : Read back data from BRAM 0X0025 successfully.
RUN-1002 : start command "rdbk_bram -bram 0X0026 -cable 0 -total_dev 1 -cur_dev 1"
KIT-1001 : Read back data from BRAM 0X0026 successfully.
RUN-1002 : start command "rdbk_bram -bram 0X0027 -cable 0 -total_dev 1 -cur_dev 1"
KIT-1001 : Read back data from BRAM 0X0027 successfully.
RUN-1002 : start command "rdbk_bram -bram 0X0028 -cable 0 -total_dev 1 -cur_dev 1"
KIT-1001 : Read back data from BRAM 0X0028 successfully.
RUN-1002 : start command "rdbk_bram -bram 0X0029 -cable 0 -total_dev 1 -cur_dev 1"
KIT-1001 : Read back data from BRAM 0X0029 successfully.
RUN-1002 : start command "rdbk_bram -bram 0X002A -cable 0 -total_dev 1 -cur_dev 1"
KIT-1001 : Read back data from BRAM 0X002A successfully.
RUN-1002 : start command "rdbk_bram -bram 0X002B -cable 0 -total_dev 1 -cur_dev 1"
KIT-1001 : Read back data from BRAM 0X002B successfully.
RUN-1002 : start command "rdbk_bram -bram 0X002C -cable 0 -total_dev 1 -cur_dev 1"
KIT-1001 : Read back data from BRAM 0X002C successfully.
RUN-1002 : start command "rdbk_bram -bram 0X002D -cable 0 -total_dev 1 -cur_dev 1"
KIT-1001 : Read back data from BRAM 0X002D successfully.
RUN-1002 : start command "rdbk_bram -bram 0X002E -cable 0 -total_dev 1 -cur_dev 1"
KIT-1001 : Read back data from BRAM 0X002E successfully.
RUN-1002 : start command "rdbk_bram -bram 0X002F -cable 0 -total_dev 1 -cur_dev 1"
KIT-1001 : Read back data from BRAM 0X002F successfully.
RUN-1002 : start command "rdbk_bram -bram 0X0030 -cable 0 -total_dev 1 -cur_dev 1"
KIT-1001 : Read back data from BRAM 0X0030 successfully.
RUN-1002 : start command "rdbk_bram -bram 0X0031 -cable 0 -total_dev 1 -cur_dev 1"
KIT-1001 : Read back data from BRAM 0X0031 successfully.
RUN-1002 : start command "rdbk_bram -bram 0X0032 -cable 0 -total_dev 1 -cur_dev 1"
KIT-1001 : Read back data from BRAM 0X0032 successfully.
RUN-1002 : start command "rdbk_bram -bram 0X0033 -cable 0 -total_dev 1 -cur_dev 1"
KIT-1001 : Read back data from BRAM 0X0033 successfully.
RUN-1002 : start command "rdbk_bram -bram 0X0034 -cable 0 -total_dev 1 -cur_dev 1"
KIT-1001 : Read back data from BRAM 0X0034 successfully.
RUN-1002 : start command "rdbk_bram -bram 0X0035 -cable 0 -total_dev 1 -cur_dev 1"
KIT-1001 : Read back data from BRAM 0X0035 successfully.
RUN-1002 : start command "rdbk_bram -bram 0X0036 -cable 0 -total_dev 1 -cur_dev 1"
KIT-1001 : Read back data from BRAM 0X0036 successfully.
RUN-1002 : start command "rdbk_bram -bram 0X0037 -cable 0 -total_dev 1 -cur_dev 1"
KIT-1001 : Read back data from BRAM 0X0037 successfully.
RUN-1002 : start command "rdbk_bram -bram 0X0038 -cable 0 -total_dev 1 -cur_dev 1"
KIT-1001 : Read back data from BRAM 0X0038 successfully.
RUN-1002 : start command "rdbk_bram -bram 0X0039 -cable 0 -total_dev 1 -cur_dev 1"
KIT-1001 : Read back data from BRAM 0X0039 successfully.
RUN-1002 : start command "rdbk_bram -bram 0X003A -cable 0 -total_dev 1 -cur_dev 1"
KIT-1001 : Read back data from BRAM 0X003A successfully.
RUN-1002 : start command "rdbk_bram -bram 0X003B -cable 0 -total_dev 1 -cur_dev 1"
KIT-1001 : Read back data from BRAM 0X003B successfully.
RUN-1002 : start command "rdbk_bram -bram 0X003C -cable 0 -total_dev 1 -cur_dev 1"
KIT-1001 : Read back data from BRAM 0X003C successfully.
SYN-2541 : Attrs-to-init for 57 logic bram(s)
SYN-2541 : Reading sub[0] auto_chipwatcher_0_logicbram_syn_1
SYN-2541 : Reading sub[1] auto_chipwatcher_0_logicbram_syn_11
SYN-2541 : Reading sub[2] auto_chipwatcher_0_logicbram_syn_21
SYN-2541 : Reading sub[3] auto_chipwatcher_0_logicbram_syn_31
SYN-2541 : Reading sub[4] auto_chipwatcher_0_logicbram_syn_41
SYN-2541 : Reading sub[5] auto_chipwatcher_0_logicbram_syn_51
SYN-2541 : Reading sub[6] auto_chipwatcher_0_logicbram_syn_61
SYN-2541 : Reading sub[7] auto_chipwatcher_0_logicbram_syn_71
SYN-2541 : Reading sub[8] auto_chipwatcher_0_logicbram_syn_81
SYN-2541 : Reading sub[9] auto_chipwatcher_0_logicbram_syn_91
SYN-2541 : Reading sub[10] auto_chipwatcher_0_logicbram_syn_101
SYN-2541 : Reading sub[11] auto_chipwatcher_0_logicbram_syn_111
SYN-2541 : Reading sub[12] auto_chipwatcher_0_logicbram_syn_121
SYN-2541 : Reading sub[13] auto_chipwatcher_0_logicbram_syn_131
SYN-2541 : Reading sub[14] auto_chipwatcher_0_logicbram_syn_141
SYN-2541 : Reading sub[15] auto_chipwatcher_0_logicbram_syn_151
SYN-2541 : Reading sub[16] auto_chipwatcher_0_logicbram_syn_161
SYN-2541 : Reading sub[17] auto_chipwatcher_0_logicbram_syn_171
SYN-2541 : Reading sub[18] auto_chipwatcher_0_logicbram_syn_181
SYN-2541 : Reading sub[19] auto_chipwatcher_0_logicbram_syn_191
SYN-2541 : Reading sub[20] auto_chipwatcher_0_logicbram_syn_201
SYN-2541 : Reading sub[21] auto_chipwatcher_0_logicbram_syn_211
SYN-2541 : Reading sub[22] auto_chipwatcher_0_logicbram_syn_221
SYN-2541 : Reading sub[23] auto_chipwatcher_0_logicbram_syn_231
SYN-2541 : Reading sub[24] auto_chipwatcher_0_logicbram_syn_241
SYN-2541 : Reading sub[25] auto_chipwatcher_0_logicbram_syn_251
SYN-2541 : Reading sub[26] auto_chipwatcher_0_logicbram_syn_261
SYN-2541 : Reading sub[27] auto_chipwatcher_0_logicbram_syn_271
SYN-2541 : Reading sub[28] auto_chipwatcher_0_logicbram_syn_281
SYN-2541 : Reading sub[29] auto_chipwatcher_0_logicbram_syn_291
SYN-2541 : Reading sub[30] auto_chipwatcher_0_logicbram_syn_301
SYN-2541 : Reading sub[31] auto_chipwatcher_0_logicbram_syn_311
SYN-2541 : Reading sub[32] auto_chipwatcher_0_logicbram_syn_321
SYN-2541 : Reading sub[33] auto_chipwatcher_0_logicbram_syn_331
SYN-2541 : Reading sub[34] auto_chipwatcher_0_logicbram_syn_341
SYN-2541 : Reading sub[35] auto_chipwatcher_0_logicbram_syn_351
SYN-2541 : Reading sub[36] auto_chipwatcher_0_logicbram_syn_361
SYN-2541 : Reading sub[37] auto_chipwatcher_0_logicbram_syn_371
SYN-2541 : Reading sub[38] auto_chipwatcher_0_logicbram_syn_381
SYN-2541 : Reading sub[39] auto_chipwatcher_0_logicbram_syn_391
SYN-2541 : Reading sub[40] auto_chipwatcher_0_logicbram_syn_401
SYN-2541 : Reading sub[41] auto_chipwatcher_0_logicbram_syn_411
SYN-2541 : Reading sub[42] auto_chipwatcher_0_logicbram_syn_421
SYN-2541 : Reading sub[43] auto_chipwatcher_0_logicbram_syn_431
SYN-2541 : Reading sub[44] auto_chipwatcher_0_logicbram_syn_441
SYN-2541 : Reading sub[45] auto_chipwatcher_0_logicbram_syn_451
SYN-2541 : Reading sub[46] auto_chipwatcher_0_logicbram_syn_461
SYN-2541 : Reading sub[47] auto_chipwatcher_0_logicbram_syn_471
SYN-2541 : Reading sub[48] auto_chipwatcher_0_logicbram_syn_481
SYN-2541 : Reading sub[49] auto_chipwatcher_0_logicbram_syn_491
SYN-2541 : Reading sub[50] auto_chipwatcher_0_logicbram_syn_501
SYN-2541 : Reading sub[51] auto_chipwatcher_0_logicbram_syn_511
SYN-2541 : Reading sub[52] auto_chipwatcher_0_logicbram_syn_521
SYN-2541 : Reading sub[53] auto_chipwatcher_0_logicbram_syn_531
SYN-2541 : Reading sub[54] auto_chipwatcher_0_logicbram_syn_541
SYN-2541 : Reading sub[55] auto_chipwatcher_0_logicbram_syn_551
SYN-2541 : Reading sub[56] auto_chipwatcher_0_logicbram_syn_561
KIT-1004 : ChipWatcher: write ctrl reg value: 011011111111111111111111111111111100000000000000000000000000000000011101101111111111111111111111111111111100000000000000000000000000000000010111001000000000000000000000
PRG-1000 : <!-- HMAC is: 3f1c22dd27681649237dea0353fd540094e306eb7eaa3e72aa67db7fb947501a -->
RUN-1001 : reset_run syn_1 phy_1.
GUI-6001 WARNING: File C:/Users/lkin/Desktop/DaChuang/Code/td_prj/DaChuang_Runs/phy_1/DaChuang.bit does not exist!
RUN-1001 : launch_runs syn_1 phy_1  -jobs 6.
RUN-1001 : syn_1: run complete.
RUN-1001 : phy_1: run complete.
RUN-1001 : open_run phy_1.
RUN-1002 : start command "import_db C:/Users/lkin/Desktop/DaChuang/Code/td_prj/DaChuang_Runs/phy_1/DaChuang_pr.db"
RUN-1001 : Importing database generated by Tang Dynasty, V5.6.71036.
RUN-1001 : Database version number 46146.
RUN-1001 : Import flow parameters
PHY-1001 : Generate detailed routing grids ...
PHY-1001 : Generate nets ...
PHY-1001 : net clk_dup_3 will be routed on clock mesh
PHY-1001 : clock net config_inst_syn_10 will be merged with clock config_inst_syn_9
PHY-1001 : eco open net = 0
PHY-1001 : 19 feed throughs used by 17 nets
RUN-1001 : Import IO constraints
RUN-1001 : Import Inst constraints
RUN-1001 : Import ChipWatcher
RUN-1001 : Import design success TD_VERSION=5.6.71036 , DB_VERSION=46146
RUN-1003 : finish command "import_db C:/Users/lkin/Desktop/DaChuang/Code/td_prj/DaChuang_Runs/phy_1/DaChuang_pr.db" in  1.677017s wall, 0.703125s user + 0.031250s system = 0.734375s CPU (43.8%)

RUN-1004 : used memory is 686 MB, reserved memory is 627 MB, peak memory is 716 MB
RUN-1002 : start command "config_chipwatcher -sync DaChuang.cwc -dir "
KIT-1004 : ChipWatcher: import watcher inst auto_chipwatcher_0 completed, there are 5 view nodes, 65 trigger nets, 65 data nets.
GUI-1001 : Import DaChuang.cwc success!
RUN-1002 : start command "download -bit DaChuang_Runs/phy_1/DaChuang.bit -mode jtag_burst -spd 7 -cable 0 -total_dev 1 -cur_dev 1"
PRG-2014 : Chip validation success: EAGLE_S20_BG256
RUN-1002 : start command "bit_to_vec -chip EAGLE_S20_BG256 -m jtag_burst -freq 4 -bit DaChuang_Runs/phy_1/DaChuang.bit"
RUN-1002 : start command "program -cable 0 -mode svf -spd 7 -p"
RUN-1003 : finish command "program -cable 0 -mode svf -spd 7 -p" in  6.934083s wall, 0.031250s user + 0.062500s system = 0.093750s CPU (1.4%)

RUN-1004 : used memory is 699 MB, reserved memory is 643 MB, peak memory is 724 MB
RUN-1003 : finish command "download -bit DaChuang_Runs/phy_1/DaChuang.bit -mode jtag_burst -spd 7 -cable 0 -total_dev 1 -cur_dev 1" in  7.135450s wall, 0.078125s user + 0.093750s system = 0.171875s CPU (2.4%)

RUN-1004 : used memory is 699 MB, reserved memory is 643 MB, peak memory is 724 MB
GUI-1001 : Downloading succeeded!
KIT-1004 : ChipWatcher: write ctrl reg value: 00000000000000000000000000000000000000000000000000000000000000000000000000000000000000000000000000000000000000000000000000000000000000000000000000000000000000000000000000000000
KIT-1004 : ChipWatcher: write ctrl reg value: 01101111111111111111111111111111110000000000000000000000000000000001110110111111111111111111111111111111110000000000000000000000000000000001011101011100100000000000000000010000
KIT-1004 : ChipWatcher: the value of status register = 110000000101110100
RUN-1002 : start command "rdbk_bram -bram 0X0004 -cable 0 -total_dev 1 -cur_dev 1"
KIT-1001 : Read back data from BRAM 0X0004 successfully.
RUN-1002 : start command "rdbk_bram -bram 0X0005 -cable 0 -total_dev 1 -cur_dev 1"
KIT-1001 : Read back data from BRAM 0X0005 successfully.
RUN-1002 : start command "rdbk_bram -bram 0X0006 -cable 0 -total_dev 1 -cur_dev 1"
KIT-1001 : Read back data from BRAM 0X0006 successfully.
RUN-1002 : start command "rdbk_bram -bram 0X0007 -cable 0 -total_dev 1 -cur_dev 1"
KIT-1001 : Read back data from BRAM 0X0007 successfully.
RUN-1002 : start command "rdbk_bram -bram 0X0008 -cable 0 -total_dev 1 -cur_dev 1"
KIT-1001 : Read back data from BRAM 0X0008 successfully.
RUN-1002 : start command "rdbk_bram -bram 0X0009 -cable 0 -total_dev 1 -cur_dev 1"
KIT-1001 : Read back data from BRAM 0X0009 successfully.
RUN-1002 : start command "rdbk_bram -bram 0X000A -cable 0 -total_dev 1 -cur_dev 1"
KIT-1001 : Read back data from BRAM 0X000A successfully.
RUN-1002 : start command "rdbk_bram -bram 0X000B -cable 0 -total_dev 1 -cur_dev 1"
KIT-1001 : Read back data from BRAM 0X000B successfully.
RUN-1002 : start command "rdbk_bram -bram 0X000C -cable 0 -total_dev 1 -cur_dev 1"
KIT-1001 : Read back data from BRAM 0X000C successfully.
RUN-1002 : start command "rdbk_bram -bram 0X000D -cable 0 -total_dev 1 -cur_dev 1"
KIT-1001 : Read back data from BRAM 0X000D successfully.
RUN-1002 : start command "rdbk_bram -bram 0X000E -cable 0 -total_dev 1 -cur_dev 1"
KIT-1001 : Read back data from BRAM 0X000E successfully.
RUN-1002 : start command "rdbk_bram -bram 0X000F -cable 0 -total_dev 1 -cur_dev 1"
KIT-1001 : Read back data from BRAM 0X000F successfully.
RUN-1002 : start command "rdbk_bram -bram 0X0010 -cable 0 -total_dev 1 -cur_dev 1"
KIT-1001 : Read back data from BRAM 0X0010 successfully.
RUN-1002 : start command "rdbk_bram -bram 0X0011 -cable 0 -total_dev 1 -cur_dev 1"
KIT-1001 : Read back data from BRAM 0X0011 successfully.
RUN-1002 : start command "rdbk_bram -bram 0X0012 -cable 0 -total_dev 1 -cur_dev 1"
KIT-1001 : Read back data from BRAM 0X0012 successfully.
RUN-1002 : start command "rdbk_bram -bram 0X0013 -cable 0 -total_dev 1 -cur_dev 1"
KIT-1001 : Read back data from BRAM 0X0013 successfully.
RUN-1002 : start command "rdbk_bram -bram 0X0014 -cable 0 -total_dev 1 -cur_dev 1"
KIT-1001 : Read back data from BRAM 0X0014 successfully.
RUN-1002 : start command "rdbk_bram -bram 0X0015 -cable 0 -total_dev 1 -cur_dev 1"
KIT-1001 : Read back data from BRAM 0X0015 successfully.
RUN-1002 : start command "rdbk_bram -bram 0X0016 -cable 0 -total_dev 1 -cur_dev 1"
KIT-1001 : Read back data from BRAM 0X0016 successfully.
RUN-1002 : start command "rdbk_bram -bram 0X0017 -cable 0 -total_dev 1 -cur_dev 1"
KIT-1001 : Read back data from BRAM 0X0017 successfully.
RUN-1002 : start command "rdbk_bram -bram 0X0018 -cable 0 -total_dev 1 -cur_dev 1"
KIT-1001 : Read back data from BRAM 0X0018 successfully.
RUN-1002 : start command "rdbk_bram -bram 0X0019 -cable 0 -total_dev 1 -cur_dev 1"
KIT-1001 : Read back data from BRAM 0X0019 successfully.
RUN-1002 : start command "rdbk_bram -bram 0X001A -cable 0 -total_dev 1 -cur_dev 1"
KIT-1001 : Read back data from BRAM 0X001A successfully.
RUN-1002 : start command "rdbk_bram -bram 0X001B -cable 0 -total_dev 1 -cur_dev 1"
KIT-1001 : Read back data from BRAM 0X001B successfully.
RUN-1002 : start command "rdbk_bram -bram 0X001C -cable 0 -total_dev 1 -cur_dev 1"
KIT-1001 : Read back data from BRAM 0X001C successfully.
RUN-1002 : start command "rdbk_bram -bram 0X001D -cable 0 -total_dev 1 -cur_dev 1"
KIT-1001 : Read back data from BRAM 0X001D successfully.
RUN-1002 : start command "rdbk_bram -bram 0X001E -cable 0 -total_dev 1 -cur_dev 1"
KIT-1001 : Read back data from BRAM 0X001E successfully.
RUN-1002 : start command "rdbk_bram -bram 0X001F -cable 0 -total_dev 1 -cur_dev 1"
KIT-1001 : Read back data from BRAM 0X001F successfully.
RUN-1002 : start command "rdbk_bram -bram 0X0020 -cable 0 -total_dev 1 -cur_dev 1"
KIT-1001 : Read back data from BRAM 0X0020 successfully.
RUN-1002 : start command "rdbk_bram -bram 0X0021 -cable 0 -total_dev 1 -cur_dev 1"
KIT-1001 : Read back data from BRAM 0X0021 successfully.
RUN-1002 : start command "rdbk_bram -bram 0X0022 -cable 0 -total_dev 1 -cur_dev 1"
KIT-1001 : Read back data from BRAM 0X0022 successfully.
RUN-1002 : start command "rdbk_bram -bram 0X0023 -cable 0 -total_dev 1 -cur_dev 1"
KIT-1001 : Read back data from BRAM 0X0023 successfully.
RUN-1002 : start command "rdbk_bram -bram 0X0024 -cable 0 -total_dev 1 -cur_dev 1"
KIT-1001 : Read back data from BRAM 0X0024 successfully.
RUN-1002 : start command "rdbk_bram -bram 0X0025 -cable 0 -total_dev 1 -cur_dev 1"
KIT-1001 : Read back data from BRAM 0X0025 successfully.
RUN-1002 : start command "rdbk_bram -bram 0X0026 -cable 0 -total_dev 1 -cur_dev 1"
KIT-1001 : Read back data from BRAM 0X0026 successfully.
RUN-1002 : start command "rdbk_bram -bram 0X0027 -cable 0 -total_dev 1 -cur_dev 1"
KIT-1001 : Read back data from BRAM 0X0027 successfully.
RUN-1002 : start command "rdbk_bram -bram 0X0028 -cable 0 -total_dev 1 -cur_dev 1"
KIT-1001 : Read back data from BRAM 0X0028 successfully.
RUN-1002 : start command "rdbk_bram -bram 0X0029 -cable 0 -total_dev 1 -cur_dev 1"
KIT-1001 : Read back data from BRAM 0X0029 successfully.
RUN-1002 : start command "rdbk_bram -bram 0X002A -cable 0 -total_dev 1 -cur_dev 1"
KIT-1001 : Read back data from BRAM 0X002A successfully.
RUN-1002 : start command "rdbk_bram -bram 0X002B -cable 0 -total_dev 1 -cur_dev 1"
KIT-1001 : Read back data from BRAM 0X002B successfully.
RUN-1002 : start command "rdbk_bram -bram 0X002C -cable 0 -total_dev 1 -cur_dev 1"
KIT-1001 : Read back data from BRAM 0X002C successfully.
RUN-1002 : start command "rdbk_bram -bram 0X002D -cable 0 -total_dev 1 -cur_dev 1"
KIT-1001 : Read back data from BRAM 0X002D successfully.
RUN-1002 : start command "rdbk_bram -bram 0X002E -cable 0 -total_dev 1 -cur_dev 1"
KIT-1001 : Read back data from BRAM 0X002E successfully.
RUN-1002 : start command "rdbk_bram -bram 0X002F -cable 0 -total_dev 1 -cur_dev 1"
KIT-1001 : Read back data from BRAM 0X002F successfully.
RUN-1002 : start command "rdbk_bram -bram 0X0030 -cable 0 -total_dev 1 -cur_dev 1"
KIT-1001 : Read back data from BRAM 0X0030 successfully.
RUN-1002 : start command "rdbk_bram -bram 0X0031 -cable 0 -total_dev 1 -cur_dev 1"
KIT-1001 : Read back data from BRAM 0X0031 successfully.
RUN-1002 : start command "rdbk_bram -bram 0X0032 -cable 0 -total_dev 1 -cur_dev 1"
KIT-1001 : Read back data from BRAM 0X0032 successfully.
RUN-1002 : start command "rdbk_bram -bram 0X0033 -cable 0 -total_dev 1 -cur_dev 1"
KIT-1001 : Read back data from BRAM 0X0033 successfully.
RUN-1002 : start command "rdbk_bram -bram 0X0034 -cable 0 -total_dev 1 -cur_dev 1"
KIT-1001 : Read back data from BRAM 0X0034 successfully.
RUN-1002 : start command "rdbk_bram -bram 0X0035 -cable 0 -total_dev 1 -cur_dev 1"
KIT-1001 : Read back data from BRAM 0X0035 successfully.
RUN-1002 : start command "rdbk_bram -bram 0X0036 -cable 0 -total_dev 1 -cur_dev 1"
KIT-1001 : Read back data from BRAM 0X0036 successfully.
RUN-1002 : start command "rdbk_bram -bram 0X0037 -cable 0 -total_dev 1 -cur_dev 1"
KIT-1001 : Read back data from BRAM 0X0037 successfully.
RUN-1002 : start command "rdbk_bram -bram 0X0038 -cable 0 -total_dev 1 -cur_dev 1"
KIT-1001 : Read back data from BRAM 0X0038 successfully.
RUN-1002 : start command "rdbk_bram -bram 0X0039 -cable 0 -total_dev 1 -cur_dev 1"
KIT-1001 : Read back data from BRAM 0X0039 successfully.
RUN-1002 : start command "rdbk_bram -bram 0X003A -cable 0 -total_dev 1 -cur_dev 1"
KIT-1001 : Read back data from BRAM 0X003A successfully.
RUN-1002 : start command "rdbk_bram -bram 0X003B -cable 0 -total_dev 1 -cur_dev 1"
KIT-1001 : Read back data from BRAM 0X003B successfully.
RUN-1002 : start command "rdbk_bram -bram 0X003C -cable 0 -total_dev 1 -cur_dev 1"
KIT-1001 : Read back data from BRAM 0X003C successfully.
RUN-1002 : start command "rdbk_bram -bram 0X003D -cable 0 -total_dev 1 -cur_dev 1"
KIT-1001 : Read back data from BRAM 0X003D successfully.
SYN-2541 : Attrs-to-init for 58 logic bram(s)
SYN-2541 : Reading sub[0] auto_chipwatcher_0_logicbram_syn_1
SYN-2541 : Reading sub[1] auto_chipwatcher_0_logicbram_syn_11
SYN-2541 : Reading sub[2] auto_chipwatcher_0_logicbram_syn_21
SYN-2541 : Reading sub[3] auto_chipwatcher_0_logicbram_syn_31
SYN-2541 : Reading sub[4] auto_chipwatcher_0_logicbram_syn_41
SYN-2541 : Reading sub[5] auto_chipwatcher_0_logicbram_syn_51
SYN-2541 : Reading sub[6] auto_chipwatcher_0_logicbram_syn_61
SYN-2541 : Reading sub[7] auto_chipwatcher_0_logicbram_syn_71
SYN-2541 : Reading sub[8] auto_chipwatcher_0_logicbram_syn_81
SYN-2541 : Reading sub[9] auto_chipwatcher_0_logicbram_syn_91
SYN-2541 : Reading sub[10] auto_chipwatcher_0_logicbram_syn_101
SYN-2541 : Reading sub[11] auto_chipwatcher_0_logicbram_syn_111
SYN-2541 : Reading sub[12] auto_chipwatcher_0_logicbram_syn_121
SYN-2541 : Reading sub[13] auto_chipwatcher_0_logicbram_syn_131
SYN-2541 : Reading sub[14] auto_chipwatcher_0_logicbram_syn_141
SYN-2541 : Reading sub[15] auto_chipwatcher_0_logicbram_syn_151
SYN-2541 : Reading sub[16] auto_chipwatcher_0_logicbram_syn_161
SYN-2541 : Reading sub[17] auto_chipwatcher_0_logicbram_syn_171
SYN-2541 : Reading sub[18] auto_chipwatcher_0_logicbram_syn_181
SYN-2541 : Reading sub[19] auto_chipwatcher_0_logicbram_syn_191
SYN-2541 : Reading sub[20] auto_chipwatcher_0_logicbram_syn_201
SYN-2541 : Reading sub[21] auto_chipwatcher_0_logicbram_syn_211
SYN-2541 : Reading sub[22] auto_chipwatcher_0_logicbram_syn_221
SYN-2541 : Reading sub[23] auto_chipwatcher_0_logicbram_syn_231
SYN-2541 : Reading sub[24] auto_chipwatcher_0_logicbram_syn_241
SYN-2541 : Reading sub[25] auto_chipwatcher_0_logicbram_syn_251
SYN-2541 : Reading sub[26] auto_chipwatcher_0_logicbram_syn_261
SYN-2541 : Reading sub[27] auto_chipwatcher_0_logicbram_syn_271
SYN-2541 : Reading sub[28] auto_chipwatcher_0_logicbram_syn_281
SYN-2541 : Reading sub[29] auto_chipwatcher_0_logicbram_syn_291
SYN-2541 : Reading sub[30] auto_chipwatcher_0_logicbram_syn_301
SYN-2541 : Reading sub[31] auto_chipwatcher_0_logicbram_syn_311
SYN-2541 : Reading sub[32] auto_chipwatcher_0_logicbram_syn_321
SYN-2541 : Reading sub[33] auto_chipwatcher_0_logicbram_syn_331
SYN-2541 : Reading sub[34] auto_chipwatcher_0_logicbram_syn_341
SYN-2541 : Reading sub[35] auto_chipwatcher_0_logicbram_syn_351
SYN-2541 : Reading sub[36] auto_chipwatcher_0_logicbram_syn_361
SYN-2541 : Reading sub[37] auto_chipwatcher_0_logicbram_syn_371
SYN-2541 : Reading sub[38] auto_chipwatcher_0_logicbram_syn_381
SYN-2541 : Reading sub[39] auto_chipwatcher_0_logicbram_syn_391
SYN-2541 : Reading sub[40] auto_chipwatcher_0_logicbram_syn_401
SYN-2541 : Reading sub[41] auto_chipwatcher_0_logicbram_syn_411
SYN-2541 : Reading sub[42] auto_chipwatcher_0_logicbram_syn_421
SYN-2541 : Reading sub[43] auto_chipwatcher_0_logicbram_syn_431
SYN-2541 : Reading sub[44] auto_chipwatcher_0_logicbram_syn_441
SYN-2541 : Reading sub[45] auto_chipwatcher_0_logicbram_syn_451
SYN-2541 : Reading sub[46] auto_chipwatcher_0_logicbram_syn_461
SYN-2541 : Reading sub[47] auto_chipwatcher_0_logicbram_syn_471
SYN-2541 : Reading sub[48] auto_chipwatcher_0_logicbram_syn_481
SYN-2541 : Reading sub[49] auto_chipwatcher_0_logicbram_syn_491
SYN-2541 : Reading sub[50] auto_chipwatcher_0_logicbram_syn_501
SYN-2541 : Reading sub[51] auto_chipwatcher_0_logicbram_syn_511
SYN-2541 : Reading sub[52] auto_chipwatcher_0_logicbram_syn_521
SYN-2541 : Reading sub[53] auto_chipwatcher_0_logicbram_syn_531
SYN-2541 : Reading sub[54] auto_chipwatcher_0_logicbram_syn_541
SYN-2541 : Reading sub[55] auto_chipwatcher_0_logicbram_syn_551
SYN-2541 : Reading sub[56] auto_chipwatcher_0_logicbram_syn_561
SYN-2541 : Reading sub[57] auto_chipwatcher_0_logicbram_syn_563
KIT-1004 : ChipWatcher: write ctrl reg value: 01101111111111111111111111111111110000000000000000000000000000000001110110111111111111111111111111111111110000000000000000000000000000000001011101011100100000000000000000000000
HDL-1007 : analyze verilog file ../rtl/HC_SR04.v
RUN-1001 : reset_run syn_1 phy_1.
GUI-6001 WARNING: File C:/Users/lkin/Desktop/DaChuang/Code/td_prj/DaChuang_Runs/phy_1/DaChuang.bit does not exist!
RUN-1001 : launch_runs syn_1 phy_1  -jobs 6.
RUN-1001 : syn_1: run complete.
RUN-1001 : phy_1: run complete.
RUN-1001 : open_run phy_1.
RUN-1002 : start command "import_db C:/Users/lkin/Desktop/DaChuang/Code/td_prj/DaChuang_Runs/phy_1/DaChuang_pr.db"
RUN-1001 : Importing database generated by Tang Dynasty, V5.6.71036.
RUN-1001 : Database version number 46146.
RUN-1001 : Import flow parameters
PHY-1001 : Generate detailed routing grids ...
PHY-1001 : Generate nets ...
PHY-1001 : net clk_dup_3 will be routed on clock mesh
PHY-1001 : clock net config_inst_syn_10 will be merged with clock config_inst_syn_9
PHY-1001 : eco open net = 0
PHY-1001 : 37 feed throughs used by 15 nets
RUN-1001 : Import IO constraints
RUN-1001 : Import Inst constraints
RUN-1001 : Import ChipWatcher
RUN-1001 : Import design success TD_VERSION=5.6.71036 , DB_VERSION=46146
RUN-1003 : finish command "import_db C:/Users/lkin/Desktop/DaChuang/Code/td_prj/DaChuang_Runs/phy_1/DaChuang_pr.db" in  1.733472s wall, 0.140625s user + 0.015625s system = 0.156250s CPU (9.0%)

RUN-1004 : used memory is 683 MB, reserved memory is 622 MB, peak memory is 724 MB
RUN-1002 : start command "config_chipwatcher -sync DaChuang.cwc -dir "
KIT-1004 : ChipWatcher: import watcher inst auto_chipwatcher_0 completed, there are 5 view nodes, 65 trigger nets, 65 data nets.
GUI-1001 : Import DaChuang.cwc success!
RUN-1002 : start command "download -bit DaChuang_Runs/phy_1/DaChuang.bit -mode jtag_burst -spd 7 -cable 0 -total_dev 1 -cur_dev 1"
PRG-2014 : Chip validation success: EAGLE_S20_BG256
RUN-1002 : start command "bit_to_vec -chip EAGLE_S20_BG256 -m jtag_burst -freq 4 -bit DaChuang_Runs/phy_1/DaChuang.bit"
RUN-1002 : start command "program -cable 0 -mode svf -spd 7 -p"
RUN-1003 : finish command "program -cable 0 -mode svf -spd 7 -p" in  6.938662s wall, 0.000000s user + 0.000000s system = 0.000000s CPU (n/a%)

RUN-1004 : used memory is 696 MB, reserved memory is 638 MB, peak memory is 724 MB
RUN-1003 : finish command "download -bit DaChuang_Runs/phy_1/DaChuang.bit -mode jtag_burst -spd 7 -cable 0 -total_dev 1 -cur_dev 1" in  7.144825s wall, 0.078125s user + 0.000000s system = 0.078125s CPU (1.1%)

RUN-1004 : used memory is 696 MB, reserved memory is 638 MB, peak memory is 724 MB
GUI-1001 : Downloading succeeded!
PRG-1000 : <!-- HMAC is: 5a83c9dd3c63690b8fa3d2190fe389775c609313d0923b28870a5e564186eaba -->
RUN-1001 : reset_run syn_1 phy_1.
GUI-6001 WARNING: File C:/Users/lkin/Desktop/DaChuang/Code/td_prj/DaChuang_Runs/phy_1/DaChuang.bit does not exist!
RUN-1001 : launch_runs syn_1 phy_1  -jobs 6.
RUN-1001 : syn_1: run complete.
RUN-1001 : phy_1: run complete.
RUN-1001 : open_run phy_1.
RUN-1002 : start command "import_db C:/Users/lkin/Desktop/DaChuang/Code/td_prj/DaChuang_Runs/phy_1/DaChuang_pr.db"
RUN-1001 : Importing database generated by Tang Dynasty, V5.6.71036.
RUN-1001 : Database version number 46146.
RUN-1001 : Import flow parameters
PHY-1001 : Generate detailed routing grids ...
PHY-1001 : Generate nets ...
PHY-1001 : net clk_dup_3 will be routed on clock mesh
PHY-1001 : clock net config_inst_syn_10 will be merged with clock config_inst_syn_9
PHY-1001 : eco open net = 0
PHY-1001 : 19 feed throughs used by 17 nets
RUN-1001 : Import IO constraints
RUN-1001 : Import Inst constraints
RUN-1001 : Import ChipWatcher
RUN-1001 : Import design success TD_VERSION=5.6.71036 , DB_VERSION=46146
RUN-1003 : finish command "import_db C:/Users/lkin/Desktop/DaChuang/Code/td_prj/DaChuang_Runs/phy_1/DaChuang_pr.db" in  1.742746s wall, 0.218750s user + 0.015625s system = 0.234375s CPU (13.4%)

RUN-1004 : used memory is 690 MB, reserved memory is 631 MB, peak memory is 724 MB
RUN-1002 : start command "config_chipwatcher -sync DaChuang.cwc -dir "
KIT-1004 : ChipWatcher: import watcher inst auto_chipwatcher_0 completed, there are 6 view nodes, 66 trigger nets, 66 data nets.
GUI-1001 : Import DaChuang.cwc success!
RUN-1002 : start command "download -bit DaChuang_Runs/phy_1/DaChuang.bit -mode jtag_burst -spd 7 -cable 0 -total_dev 1 -cur_dev 1"
PRG-2014 : Chip validation success: EAGLE_S20_BG256
RUN-1002 : start command "bit_to_vec -chip EAGLE_S20_BG256 -m jtag_burst -freq 4 -bit DaChuang_Runs/phy_1/DaChuang.bit"
RUN-1002 : start command "program -cable 0 -mode svf -spd 7 -p"
RUN-1003 : finish command "program -cable 0 -mode svf -spd 7 -p" in  6.939346s wall, 0.000000s user + 0.000000s system = 0.000000s CPU (n/a%)

RUN-1004 : used memory is 703 MB, reserved memory is 645 MB, peak memory is 726 MB
RUN-1003 : finish command "download -bit DaChuang_Runs/phy_1/DaChuang.bit -mode jtag_burst -spd 7 -cable 0 -total_dev 1 -cur_dev 1" in  7.141624s wall, 0.062500s user + 0.015625s system = 0.078125s CPU (1.1%)

RUN-1004 : used memory is 703 MB, reserved memory is 645 MB, peak memory is 726 MB
GUI-1001 : Downloading succeeded!
KIT-1004 : ChipWatcher: write ctrl reg value: 0000000000000000000000000000000000000000000000000000000000000000000000000000000000000000000000000000000000000000000000000000000000000000000000000000000000000000000000000000000000000000
KIT-1004 : ChipWatcher: write ctrl reg value: 0110111111111111111111111111111111000000000000000000000000000000000111011011111111111111111111111111111111000000000000000000000000000000000101110101110101110010000000000000000001000000
KIT-1004 : ChipWatcher: the value of status register = 110001101000001010
RUN-1002 : start command "rdbk_bram -bram 0X0004 -cable 0 -total_dev 1 -cur_dev 1"
KIT-1001 : Read back data from BRAM 0X0004 successfully.
RUN-1002 : start command "rdbk_bram -bram 0X0005 -cable 0 -total_dev 1 -cur_dev 1"
KIT-1001 : Read back data from BRAM 0X0005 successfully.
RUN-1002 : start command "rdbk_bram -bram 0X0006 -cable 0 -total_dev 1 -cur_dev 1"
KIT-1001 : Read back data from BRAM 0X0006 successfully.
RUN-1002 : start command "rdbk_bram -bram 0X0007 -cable 0 -total_dev 1 -cur_dev 1"
KIT-1001 : Read back data from BRAM 0X0007 successfully.
RUN-1002 : start command "rdbk_bram -bram 0X0008 -cable 0 -total_dev 1 -cur_dev 1"
KIT-1001 : Read back data from BRAM 0X0008 successfully.
RUN-1002 : start command "rdbk_bram -bram 0X0009 -cable 0 -total_dev 1 -cur_dev 1"
KIT-1001 : Read back data from BRAM 0X0009 successfully.
RUN-1002 : start command "rdbk_bram -bram 0X000A -cable 0 -total_dev 1 -cur_dev 1"
KIT-1001 : Read back data from BRAM 0X000A successfully.
RUN-1002 : start command "rdbk_bram -bram 0X000B -cable 0 -total_dev 1 -cur_dev 1"
KIT-1001 : Read back data from BRAM 0X000B successfully.
RUN-1002 : start command "rdbk_bram -bram 0X000C -cable 0 -total_dev 1 -cur_dev 1"
KIT-1001 : Read back data from BRAM 0X000C successfully.
RUN-1002 : start command "rdbk_bram -bram 0X000D -cable 0 -total_dev 1 -cur_dev 1"
KIT-1001 : Read back data from BRAM 0X000D successfully.
RUN-1002 : start command "rdbk_bram -bram 0X000E -cable 0 -total_dev 1 -cur_dev 1"
KIT-1001 : Read back data from BRAM 0X000E successfully.
RUN-1002 : start command "rdbk_bram -bram 0X000F -cable 0 -total_dev 1 -cur_dev 1"
KIT-1001 : Read back data from BRAM 0X000F successfully.
RUN-1002 : start command "rdbk_bram -bram 0X0010 -cable 0 -total_dev 1 -cur_dev 1"
KIT-1001 : Read back data from BRAM 0X0010 successfully.
RUN-1002 : start command "rdbk_bram -bram 0X0011 -cable 0 -total_dev 1 -cur_dev 1"
KIT-1001 : Read back data from BRAM 0X0011 successfully.
RUN-1002 : start command "rdbk_bram -bram 0X0012 -cable 0 -total_dev 1 -cur_dev 1"
KIT-1001 : Read back data from BRAM 0X0012 successfully.
RUN-1002 : start command "rdbk_bram -bram 0X0013 -cable 0 -total_dev 1 -cur_dev 1"
KIT-1001 : Read back data from BRAM 0X0013 successfully.
RUN-1002 : start command "rdbk_bram -bram 0X0014 -cable 0 -total_dev 1 -cur_dev 1"
KIT-1001 : Read back data from BRAM 0X0014 successfully.
RUN-1002 : start command "rdbk_bram -bram 0X0015 -cable 0 -total_dev 1 -cur_dev 1"
KIT-1001 : Read back data from BRAM 0X0015 successfully.
RUN-1002 : start command "rdbk_bram -bram 0X0016 -cable 0 -total_dev 1 -cur_dev 1"
KIT-1001 : Read back data from BRAM 0X0016 successfully.
RUN-1002 : start command "rdbk_bram -bram 0X0017 -cable 0 -total_dev 1 -cur_dev 1"
KIT-1001 : Read back data from BRAM 0X0017 successfully.
RUN-1002 : start command "rdbk_bram -bram 0X0018 -cable 0 -total_dev 1 -cur_dev 1"
KIT-1001 : Read back data from BRAM 0X0018 successfully.
RUN-1002 : start command "rdbk_bram -bram 0X0019 -cable 0 -total_dev 1 -cur_dev 1"
KIT-1001 : Read back data from BRAM 0X0019 successfully.
RUN-1002 : start command "rdbk_bram -bram 0X001A -cable 0 -total_dev 1 -cur_dev 1"
KIT-1001 : Read back data from BRAM 0X001A successfully.
RUN-1002 : start command "rdbk_bram -bram 0X001B -cable 0 -total_dev 1 -cur_dev 1"
KIT-1001 : Read back data from BRAM 0X001B successfully.
RUN-1002 : start command "rdbk_bram -bram 0X001C -cable 0 -total_dev 1 -cur_dev 1"
KIT-1001 : Read back data from BRAM 0X001C successfully.
RUN-1002 : start command "rdbk_bram -bram 0X001D -cable 0 -total_dev 1 -cur_dev 1"
KIT-1001 : Read back data from BRAM 0X001D successfully.
RUN-1002 : start command "rdbk_bram -bram 0X001E -cable 0 -total_dev 1 -cur_dev 1"
KIT-1001 : Read back data from BRAM 0X001E successfully.
RUN-1002 : start command "rdbk_bram -bram 0X001F -cable 0 -total_dev 1 -cur_dev 1"
KIT-1001 : Read back data from BRAM 0X001F successfully.
RUN-1002 : start command "rdbk_bram -bram 0X0020 -cable 0 -total_dev 1 -cur_dev 1"
KIT-1001 : Read back data from BRAM 0X0020 successfully.
RUN-1002 : start command "rdbk_bram -bram 0X0021 -cable 0 -total_dev 1 -cur_dev 1"
KIT-1001 : Read back data from BRAM 0X0021 successfully.
RUN-1002 : start command "rdbk_bram -bram 0X0022 -cable 0 -total_dev 1 -cur_dev 1"
KIT-1001 : Read back data from BRAM 0X0022 successfully.
RUN-1002 : start command "rdbk_bram -bram 0X0023 -cable 0 -total_dev 1 -cur_dev 1"
KIT-1001 : Read back data from BRAM 0X0023 successfully.
RUN-1002 : start command "rdbk_bram -bram 0X0024 -cable 0 -total_dev 1 -cur_dev 1"
KIT-1001 : Read back data from BRAM 0X0024 successfully.
RUN-1002 : start command "rdbk_bram -bram 0X0025 -cable 0 -total_dev 1 -cur_dev 1"
KIT-1001 : Read back data from BRAM 0X0025 successfully.
RUN-1002 : start command "rdbk_bram -bram 0X0026 -cable 0 -total_dev 1 -cur_dev 1"
KIT-1001 : Read back data from BRAM 0X0026 successfully.
RUN-1002 : start command "rdbk_bram -bram 0X0027 -cable 0 -total_dev 1 -cur_dev 1"
KIT-1001 : Read back data from BRAM 0X0027 successfully.
RUN-1002 : start command "rdbk_bram -bram 0X0028 -cable 0 -total_dev 1 -cur_dev 1"
KIT-1001 : Read back data from BRAM 0X0028 successfully.
RUN-1002 : start command "rdbk_bram -bram 0X0029 -cable 0 -total_dev 1 -cur_dev 1"
KIT-1001 : Read back data from BRAM 0X0029 successfully.
RUN-1002 : start command "rdbk_bram -bram 0X002A -cable 0 -total_dev 1 -cur_dev 1"
KIT-1001 : Read back data from BRAM 0X002A successfully.
RUN-1002 : start command "rdbk_bram -bram 0X002B -cable 0 -total_dev 1 -cur_dev 1"
KIT-1001 : Read back data from BRAM 0X002B successfully.
RUN-1002 : start command "rdbk_bram -bram 0X002C -cable 0 -total_dev 1 -cur_dev 1"
KIT-1001 : Read back data from BRAM 0X002C successfully.
RUN-1002 : start command "rdbk_bram -bram 0X002D -cable 0 -total_dev 1 -cur_dev 1"
KIT-1001 : Read back data from BRAM 0X002D successfully.
RUN-1002 : start command "rdbk_bram -bram 0X002E -cable 0 -total_dev 1 -cur_dev 1"
KIT-1001 : Read back data from BRAM 0X002E successfully.
RUN-1002 : start command "rdbk_bram -bram 0X002F -cable 0 -total_dev 1 -cur_dev 1"
KIT-1001 : Read back data from BRAM 0X002F successfully.
RUN-1002 : start command "rdbk_bram -bram 0X0030 -cable 0 -total_dev 1 -cur_dev 1"
KIT-1001 : Read back data from BRAM 0X0030 successfully.
RUN-1002 : start command "rdbk_bram -bram 0X0031 -cable 0 -total_dev 1 -cur_dev 1"
KIT-1001 : Read back data from BRAM 0X0031 successfully.
RUN-1002 : start command "rdbk_bram -bram 0X0032 -cable 0 -total_dev 1 -cur_dev 1"
KIT-1001 : Read back data from BRAM 0X0032 successfully.
RUN-1002 : start command "rdbk_bram -bram 0X0033 -cable 0 -total_dev 1 -cur_dev 1"
KIT-1001 : Read back data from BRAM 0X0033 successfully.
RUN-1002 : start command "rdbk_bram -bram 0X0034 -cable 0 -total_dev 1 -cur_dev 1"
KIT-1001 : Read back data from BRAM 0X0034 successfully.
RUN-1002 : start command "rdbk_bram -bram 0X0035 -cable 0 -total_dev 1 -cur_dev 1"
KIT-1001 : Read back data from BRAM 0X0035 successfully.
RUN-1002 : start command "rdbk_bram -bram 0X0036 -cable 0 -total_dev 1 -cur_dev 1"
KIT-1001 : Read back data from BRAM 0X0036 successfully.
RUN-1002 : start command "rdbk_bram -bram 0X0037 -cable 0 -total_dev 1 -cur_dev 1"
KIT-1001 : Read back data from BRAM 0X0037 successfully.
RUN-1002 : start command "rdbk_bram -bram 0X0038 -cable 0 -total_dev 1 -cur_dev 1"
KIT-1001 : Read back data from BRAM 0X0038 successfully.
RUN-1002 : start command "rdbk_bram -bram 0X0039 -cable 0 -total_dev 1 -cur_dev 1"
KIT-1001 : Read back data from BRAM 0X0039 successfully.
RUN-1002 : start command "rdbk_bram -bram 0X003A -cable 0 -total_dev 1 -cur_dev 1"
KIT-1001 : Read back data from BRAM 0X003A successfully.
RUN-1002 : start command "rdbk_bram -bram 0X003B -cable 0 -total_dev 1 -cur_dev 1"
KIT-1001 : Read back data from BRAM 0X003B successfully.
RUN-1002 : start command "rdbk_bram -bram 0X003C -cable 0 -total_dev 1 -cur_dev 1"
KIT-1001 : Read back data from BRAM 0X003C successfully.
RUN-1002 : start command "rdbk_bram -bram 0X003D -cable 0 -total_dev 1 -cur_dev 1"
KIT-1001 : Read back data from BRAM 0X003D successfully.
RUN-1002 : start command "rdbk_bram -bram 0X003E -cable 0 -total_dev 1 -cur_dev 1"
KIT-1001 : Read back data from BRAM 0X003E successfully.
SYN-2541 : Attrs-to-init for 59 logic bram(s)
SYN-2541 : Reading sub[0] auto_chipwatcher_0_logicbram_syn_1
SYN-2541 : Reading sub[1] auto_chipwatcher_0_logicbram_syn_11
SYN-2541 : Reading sub[2] auto_chipwatcher_0_logicbram_syn_21
SYN-2541 : Reading sub[3] auto_chipwatcher_0_logicbram_syn_31
SYN-2541 : Reading sub[4] auto_chipwatcher_0_logicbram_syn_41
SYN-2541 : Reading sub[5] auto_chipwatcher_0_logicbram_syn_51
SYN-2541 : Reading sub[6] auto_chipwatcher_0_logicbram_syn_61
SYN-2541 : Reading sub[7] auto_chipwatcher_0_logicbram_syn_71
SYN-2541 : Reading sub[8] auto_chipwatcher_0_logicbram_syn_81
SYN-2541 : Reading sub[9] auto_chipwatcher_0_logicbram_syn_91
SYN-2541 : Reading sub[10] auto_chipwatcher_0_logicbram_syn_101
SYN-2541 : Reading sub[11] auto_chipwatcher_0_logicbram_syn_111
SYN-2541 : Reading sub[12] auto_chipwatcher_0_logicbram_syn_121
SYN-2541 : Reading sub[13] auto_chipwatcher_0_logicbram_syn_131
SYN-2541 : Reading sub[14] auto_chipwatcher_0_logicbram_syn_141
SYN-2541 : Reading sub[15] auto_chipwatcher_0_logicbram_syn_151
SYN-2541 : Reading sub[16] auto_chipwatcher_0_logicbram_syn_161
SYN-2541 : Reading sub[17] auto_chipwatcher_0_logicbram_syn_171
SYN-2541 : Reading sub[18] auto_chipwatcher_0_logicbram_syn_181
SYN-2541 : Reading sub[19] auto_chipwatcher_0_logicbram_syn_191
SYN-2541 : Reading sub[20] auto_chipwatcher_0_logicbram_syn_201
SYN-2541 : Reading sub[21] auto_chipwatcher_0_logicbram_syn_211
SYN-2541 : Reading sub[22] auto_chipwatcher_0_logicbram_syn_221
SYN-2541 : Reading sub[23] auto_chipwatcher_0_logicbram_syn_231
SYN-2541 : Reading sub[24] auto_chipwatcher_0_logicbram_syn_241
SYN-2541 : Reading sub[25] auto_chipwatcher_0_logicbram_syn_251
SYN-2541 : Reading sub[26] auto_chipwatcher_0_logicbram_syn_261
SYN-2541 : Reading sub[27] auto_chipwatcher_0_logicbram_syn_271
SYN-2541 : Reading sub[28] auto_chipwatcher_0_logicbram_syn_281
SYN-2541 : Reading sub[29] auto_chipwatcher_0_logicbram_syn_291
SYN-2541 : Reading sub[30] auto_chipwatcher_0_logicbram_syn_301
SYN-2541 : Reading sub[31] auto_chipwatcher_0_logicbram_syn_311
SYN-2541 : Reading sub[32] auto_chipwatcher_0_logicbram_syn_321
SYN-2541 : Reading sub[33] auto_chipwatcher_0_logicbram_syn_331
SYN-2541 : Reading sub[34] auto_chipwatcher_0_logicbram_syn_341
SYN-2541 : Reading sub[35] auto_chipwatcher_0_logicbram_syn_351
SYN-2541 : Reading sub[36] auto_chipwatcher_0_logicbram_syn_361
SYN-2541 : Reading sub[37] auto_chipwatcher_0_logicbram_syn_371
SYN-2541 : Reading sub[38] auto_chipwatcher_0_logicbram_syn_381
SYN-2541 : Reading sub[39] auto_chipwatcher_0_logicbram_syn_391
SYN-2541 : Reading sub[40] auto_chipwatcher_0_logicbram_syn_401
SYN-2541 : Reading sub[41] auto_chipwatcher_0_logicbram_syn_411
SYN-2541 : Reading sub[42] auto_chipwatcher_0_logicbram_syn_421
SYN-2541 : Reading sub[43] auto_chipwatcher_0_logicbram_syn_431
SYN-2541 : Reading sub[44] auto_chipwatcher_0_logicbram_syn_441
SYN-2541 : Reading sub[45] auto_chipwatcher_0_logicbram_syn_451
SYN-2541 : Reading sub[46] auto_chipwatcher_0_logicbram_syn_461
SYN-2541 : Reading sub[47] auto_chipwatcher_0_logicbram_syn_471
SYN-2541 : Reading sub[48] auto_chipwatcher_0_logicbram_syn_481
SYN-2541 : Reading sub[49] auto_chipwatcher_0_logicbram_syn_491
SYN-2541 : Reading sub[50] auto_chipwatcher_0_logicbram_syn_501
SYN-2541 : Reading sub[51] auto_chipwatcher_0_logicbram_syn_511
SYN-2541 : Reading sub[52] auto_chipwatcher_0_logicbram_syn_521
SYN-2541 : Reading sub[53] auto_chipwatcher_0_logicbram_syn_531
SYN-2541 : Reading sub[54] auto_chipwatcher_0_logicbram_syn_541
SYN-2541 : Reading sub[55] auto_chipwatcher_0_logicbram_syn_551
SYN-2541 : Reading sub[56] auto_chipwatcher_0_logicbram_syn_561
SYN-2541 : Reading sub[57] auto_chipwatcher_0_logicbram_syn_563
SYN-2541 : Reading sub[58] auto_chipwatcher_0_logicbram_syn_565
KIT-1004 : ChipWatcher: write ctrl reg value: 0110111111111111111111111111111111000000000000000000000000000000000111011011111111111111111111111111111111000000000000000000000000000000000101110101110101110010000000000000000000000000
HDL-1007 : analyze verilog file ../rtl/HC_SR04.v
RUN-1001 : reset_run syn_1 phy_1.
GUI-6001 WARNING: File C:/Users/lkin/Desktop/DaChuang/Code/td_prj/DaChuang_Runs/phy_1/DaChuang.bit does not exist!
RUN-1001 : launch_runs syn_1 phy_1  -jobs 6.
RUN-1001 : syn_1: run complete.
RUN-1001 : phy_1: run complete.
RUN-1001 : open_run phy_1.
RUN-1002 : start command "import_db C:/Users/lkin/Desktop/DaChuang/Code/td_prj/DaChuang_Runs/phy_1/DaChuang_pr.db"
RUN-1001 : Importing database generated by Tang Dynasty, V5.6.71036.
RUN-1001 : Database version number 46146.
RUN-1001 : Import flow parameters
PHY-1001 : Generate detailed routing grids ...
PHY-1001 : Generate nets ...
PHY-1001 : net clk_dup_3 will be routed on clock mesh
PHY-1001 : clock net config_inst_syn_10 will be merged with clock config_inst_syn_9
PHY-1001 : eco open net = 0
PHY-1001 : 26 feed throughs used by 23 nets
RUN-1001 : Import IO constraints
RUN-1001 : Import Inst constraints
RUN-1001 : Import ChipWatcher
RUN-1001 : Import design success TD_VERSION=5.6.71036 , DB_VERSION=46146
RUN-1003 : finish command "import_db C:/Users/lkin/Desktop/DaChuang/Code/td_prj/DaChuang_Runs/phy_1/DaChuang_pr.db" in  1.800254s wall, 1.531250s user + 0.031250s system = 1.562500s CPU (86.8%)

RUN-1004 : used memory is 692 MB, reserved memory is 633 MB, peak memory is 726 MB
RUN-1002 : start command "config_chipwatcher -sync DaChuang.cwc -dir "
KIT-1004 : ChipWatcher: import watcher inst auto_chipwatcher_0 completed, there are 6 view nodes, 66 trigger nets, 66 data nets.
GUI-1001 : Import DaChuang.cwc success!
RUN-1002 : start command "download -bit DaChuang_Runs/phy_1/DaChuang.bit -mode jtag_burst -spd 7 -cable 0 -total_dev 1 -cur_dev 1"
PRG-2014 : Chip validation success: EAGLE_S20_BG256
RUN-1002 : start command "bit_to_vec -chip EAGLE_S20_BG256 -m jtag_burst -freq 4 -bit DaChuang_Runs/phy_1/DaChuang.bit"
RUN-1002 : start command "program -cable 0 -mode svf -spd 7 -p"
RUN-1003 : finish command "program -cable 0 -mode svf -spd 7 -p" in  6.941795s wall, 0.031250s user + 0.000000s system = 0.031250s CPU (0.5%)

RUN-1004 : used memory is 707 MB, reserved memory is 650 MB, peak memory is 726 MB
RUN-1003 : finish command "download -bit DaChuang_Runs/phy_1/DaChuang.bit -mode jtag_burst -spd 7 -cable 0 -total_dev 1 -cur_dev 1" in  7.155323s wall, 0.078125s user + 0.015625s system = 0.093750s CPU (1.3%)

RUN-1004 : used memory is 707 MB, reserved memory is 650 MB, peak memory is 726 MB
GUI-1001 : Downloading succeeded!
KIT-1004 : ChipWatcher: write ctrl reg value: 0000000000000000000000000000000000000000000000000000000000000000000000000000000000000000000000000000000000000000000000000000000000000000000000000000000000000000000000000000000000000000
KIT-1004 : ChipWatcher: write ctrl reg value: 0110111111111111111111111111111111000000000000000000000000000000000111011011111111111111111111111111111111000000000000000000000000000000000101110101110101110010000000000000000001000000
KIT-1004 : ChipWatcher: the value of status register = 110001010110111101
RUN-1002 : start command "rdbk_bram -bram 0X0004 -cable 0 -total_dev 1 -cur_dev 1"
KIT-1001 : Read back data from BRAM 0X0004 successfully.
RUN-1002 : start command "rdbk_bram -bram 0X0005 -cable 0 -total_dev 1 -cur_dev 1"
KIT-1001 : Read back data from BRAM 0X0005 successfully.
RUN-1002 : start command "rdbk_bram -bram 0X0006 -cable 0 -total_dev 1 -cur_dev 1"
KIT-1001 : Read back data from BRAM 0X0006 successfully.
RUN-1002 : start command "rdbk_bram -bram 0X0007 -cable 0 -total_dev 1 -cur_dev 1"
KIT-1001 : Read back data from BRAM 0X0007 successfully.
RUN-1002 : start command "rdbk_bram -bram 0X0008 -cable 0 -total_dev 1 -cur_dev 1"
KIT-1001 : Read back data from BRAM 0X0008 successfully.
RUN-1002 : start command "rdbk_bram -bram 0X0009 -cable 0 -total_dev 1 -cur_dev 1"
KIT-1001 : Read back data from BRAM 0X0009 successfully.
RUN-1002 : start command "rdbk_bram -bram 0X000A -cable 0 -total_dev 1 -cur_dev 1"
KIT-1001 : Read back data from BRAM 0X000A successfully.
RUN-1002 : start command "rdbk_bram -bram 0X000B -cable 0 -total_dev 1 -cur_dev 1"
KIT-1001 : Read back data from BRAM 0X000B successfully.
RUN-1002 : start command "rdbk_bram -bram 0X000C -cable 0 -total_dev 1 -cur_dev 1"
KIT-1001 : Read back data from BRAM 0X000C successfully.
RUN-1002 : start command "rdbk_bram -bram 0X000D -cable 0 -total_dev 1 -cur_dev 1"
KIT-1001 : Read back data from BRAM 0X000D successfully.
RUN-1002 : start command "rdbk_bram -bram 0X000E -cable 0 -total_dev 1 -cur_dev 1"
KIT-1001 : Read back data from BRAM 0X000E successfully.
RUN-1002 : start command "rdbk_bram -bram 0X000F -cable 0 -total_dev 1 -cur_dev 1"
KIT-1001 : Read back data from BRAM 0X000F successfully.
RUN-1002 : start command "rdbk_bram -bram 0X0010 -cable 0 -total_dev 1 -cur_dev 1"
KIT-1001 : Read back data from BRAM 0X0010 successfully.
RUN-1002 : start command "rdbk_bram -bram 0X0011 -cable 0 -total_dev 1 -cur_dev 1"
KIT-1001 : Read back data from BRAM 0X0011 successfully.
RUN-1002 : start command "rdbk_bram -bram 0X0012 -cable 0 -total_dev 1 -cur_dev 1"
KIT-1001 : Read back data from BRAM 0X0012 successfully.
RUN-1002 : start command "rdbk_bram -bram 0X0013 -cable 0 -total_dev 1 -cur_dev 1"
KIT-1001 : Read back data from BRAM 0X0013 successfully.
RUN-1002 : start command "rdbk_bram -bram 0X0014 -cable 0 -total_dev 1 -cur_dev 1"
KIT-1001 : Read back data from BRAM 0X0014 successfully.
RUN-1002 : start command "rdbk_bram -bram 0X0015 -cable 0 -total_dev 1 -cur_dev 1"
KIT-1001 : Read back data from BRAM 0X0015 successfully.
RUN-1002 : start command "rdbk_bram -bram 0X0016 -cable 0 -total_dev 1 -cur_dev 1"
KIT-1001 : Read back data from BRAM 0X0016 successfully.
RUN-1002 : start command "rdbk_bram -bram 0X0017 -cable 0 -total_dev 1 -cur_dev 1"
KIT-1001 : Read back data from BRAM 0X0017 successfully.
RUN-1002 : start command "rdbk_bram -bram 0X0018 -cable 0 -total_dev 1 -cur_dev 1"
KIT-1001 : Read back data from BRAM 0X0018 successfully.
RUN-1002 : start command "rdbk_bram -bram 0X0019 -cable 0 -total_dev 1 -cur_dev 1"
KIT-1001 : Read back data from BRAM 0X0019 successfully.
RUN-1002 : start command "rdbk_bram -bram 0X001A -cable 0 -total_dev 1 -cur_dev 1"
KIT-1001 : Read back data from BRAM 0X001A successfully.
RUN-1002 : start command "rdbk_bram -bram 0X001B -cable 0 -total_dev 1 -cur_dev 1"
KIT-1001 : Read back data from BRAM 0X001B successfully.
RUN-1002 : start command "rdbk_bram -bram 0X001C -cable 0 -total_dev 1 -cur_dev 1"
KIT-1001 : Read back data from BRAM 0X001C successfully.
RUN-1002 : start command "rdbk_bram -bram 0X001D -cable 0 -total_dev 1 -cur_dev 1"
KIT-1001 : Read back data from BRAM 0X001D successfully.
RUN-1002 : start command "rdbk_bram -bram 0X001E -cable 0 -total_dev 1 -cur_dev 1"
KIT-1001 : Read back data from BRAM 0X001E successfully.
RUN-1002 : start command "rdbk_bram -bram 0X001F -cable 0 -total_dev 1 -cur_dev 1"
KIT-1001 : Read back data from BRAM 0X001F successfully.
RUN-1002 : start command "rdbk_bram -bram 0X0020 -cable 0 -total_dev 1 -cur_dev 1"
KIT-1001 : Read back data from BRAM 0X0020 successfully.
RUN-1002 : start command "rdbk_bram -bram 0X0021 -cable 0 -total_dev 1 -cur_dev 1"
KIT-1001 : Read back data from BRAM 0X0021 successfully.
RUN-1002 : start command "rdbk_bram -bram 0X0022 -cable 0 -total_dev 1 -cur_dev 1"
KIT-1001 : Read back data from BRAM 0X0022 successfully.
RUN-1002 : start command "rdbk_bram -bram 0X0023 -cable 0 -total_dev 1 -cur_dev 1"
KIT-1001 : Read back data from BRAM 0X0023 successfully.
RUN-1002 : start command "rdbk_bram -bram 0X0024 -cable 0 -total_dev 1 -cur_dev 1"
KIT-1001 : Read back data from BRAM 0X0024 successfully.
RUN-1002 : start command "rdbk_bram -bram 0X0025 -cable 0 -total_dev 1 -cur_dev 1"
KIT-1001 : Read back data from BRAM 0X0025 successfully.
RUN-1002 : start command "rdbk_bram -bram 0X0026 -cable 0 -total_dev 1 -cur_dev 1"
KIT-1001 : Read back data from BRAM 0X0026 successfully.
RUN-1002 : start command "rdbk_bram -bram 0X0027 -cable 0 -total_dev 1 -cur_dev 1"
KIT-1001 : Read back data from BRAM 0X0027 successfully.
RUN-1002 : start command "rdbk_bram -bram 0X0028 -cable 0 -total_dev 1 -cur_dev 1"
KIT-1001 : Read back data from BRAM 0X0028 successfully.
RUN-1002 : start command "rdbk_bram -bram 0X0029 -cable 0 -total_dev 1 -cur_dev 1"
KIT-1001 : Read back data from BRAM 0X0029 successfully.
RUN-1002 : start command "rdbk_bram -bram 0X002A -cable 0 -total_dev 1 -cur_dev 1"
KIT-1001 : Read back data from BRAM 0X002A successfully.
RUN-1002 : start command "rdbk_bram -bram 0X002B -cable 0 -total_dev 1 -cur_dev 1"
KIT-1001 : Read back data from BRAM 0X002B successfully.
RUN-1002 : start command "rdbk_bram -bram 0X002C -cable 0 -total_dev 1 -cur_dev 1"
KIT-1001 : Read back data from BRAM 0X002C successfully.
RUN-1002 : start command "rdbk_bram -bram 0X002D -cable 0 -total_dev 1 -cur_dev 1"
KIT-1001 : Read back data from BRAM 0X002D successfully.
RUN-1002 : start command "rdbk_bram -bram 0X002E -cable 0 -total_dev 1 -cur_dev 1"
KIT-1001 : Read back data from BRAM 0X002E successfully.
RUN-1002 : start command "rdbk_bram -bram 0X002F -cable 0 -total_dev 1 -cur_dev 1"
KIT-1001 : Read back data from BRAM 0X002F successfully.
RUN-1002 : start command "rdbk_bram -bram 0X0030 -cable 0 -total_dev 1 -cur_dev 1"
KIT-1001 : Read back data from BRAM 0X0030 successfully.
RUN-1002 : start command "rdbk_bram -bram 0X0031 -cable 0 -total_dev 1 -cur_dev 1"
KIT-1001 : Read back data from BRAM 0X0031 successfully.
RUN-1002 : start command "rdbk_bram -bram 0X0032 -cable 0 -total_dev 1 -cur_dev 1"
KIT-1001 : Read back data from BRAM 0X0032 successfully.
RUN-1002 : start command "rdbk_bram -bram 0X0033 -cable 0 -total_dev 1 -cur_dev 1"
KIT-1001 : Read back data from BRAM 0X0033 successfully.
RUN-1002 : start command "rdbk_bram -bram 0X0034 -cable 0 -total_dev 1 -cur_dev 1"
KIT-1001 : Read back data from BRAM 0X0034 successfully.
RUN-1002 : start command "rdbk_bram -bram 0X0035 -cable 0 -total_dev 1 -cur_dev 1"
KIT-1001 : Read back data from BRAM 0X0035 successfully.
RUN-1002 : start command "rdbk_bram -bram 0X0036 -cable 0 -total_dev 1 -cur_dev 1"
KIT-1001 : Read back data from BRAM 0X0036 successfully.
RUN-1002 : start command "rdbk_bram -bram 0X0037 -cable 0 -total_dev 1 -cur_dev 1"
KIT-1001 : Read back data from BRAM 0X0037 successfully.
RUN-1002 : start command "rdbk_bram -bram 0X0038 -cable 0 -total_dev 1 -cur_dev 1"
KIT-1001 : Read back data from BRAM 0X0038 successfully.
RUN-1002 : start command "rdbk_bram -bram 0X0039 -cable 0 -total_dev 1 -cur_dev 1"
KIT-1001 : Read back data from BRAM 0X0039 successfully.
RUN-1002 : start command "rdbk_bram -bram 0X003A -cable 0 -total_dev 1 -cur_dev 1"
KIT-1001 : Read back data from BRAM 0X003A successfully.
RUN-1002 : start command "rdbk_bram -bram 0X003B -cable 0 -total_dev 1 -cur_dev 1"
KIT-1001 : Read back data from BRAM 0X003B successfully.
RUN-1002 : start command "rdbk_bram -bram 0X003C -cable 0 -total_dev 1 -cur_dev 1"
KIT-1001 : Read back data from BRAM 0X003C successfully.
RUN-1002 : start command "rdbk_bram -bram 0X003D -cable 0 -total_dev 1 -cur_dev 1"
KIT-1001 : Read back data from BRAM 0X003D successfully.
RUN-1002 : start command "rdbk_bram -bram 0X003E -cable 0 -total_dev 1 -cur_dev 1"
KIT-1001 : Read back data from BRAM 0X003E successfully.
SYN-2541 : Attrs-to-init for 59 logic bram(s)
SYN-2541 : Reading sub[0] auto_chipwatcher_0_logicbram_syn_1
SYN-2541 : Reading sub[1] auto_chipwatcher_0_logicbram_syn_11
SYN-2541 : Reading sub[2] auto_chipwatcher_0_logicbram_syn_21
SYN-2541 : Reading sub[3] auto_chipwatcher_0_logicbram_syn_31
SYN-2541 : Reading sub[4] auto_chipwatcher_0_logicbram_syn_41
SYN-2541 : Reading sub[5] auto_chipwatcher_0_logicbram_syn_51
SYN-2541 : Reading sub[6] auto_chipwatcher_0_logicbram_syn_61
SYN-2541 : Reading sub[7] auto_chipwatcher_0_logicbram_syn_71
SYN-2541 : Reading sub[8] auto_chipwatcher_0_logicbram_syn_81
SYN-2541 : Reading sub[9] auto_chipwatcher_0_logicbram_syn_91
SYN-2541 : Reading sub[10] auto_chipwatcher_0_logicbram_syn_101
SYN-2541 : Reading sub[11] auto_chipwatcher_0_logicbram_syn_111
SYN-2541 : Reading sub[12] auto_chipwatcher_0_logicbram_syn_121
SYN-2541 : Reading sub[13] auto_chipwatcher_0_logicbram_syn_131
SYN-2541 : Reading sub[14] auto_chipwatcher_0_logicbram_syn_141
SYN-2541 : Reading sub[15] auto_chipwatcher_0_logicbram_syn_151
SYN-2541 : Reading sub[16] auto_chipwatcher_0_logicbram_syn_161
SYN-2541 : Reading sub[17] auto_chipwatcher_0_logicbram_syn_171
SYN-2541 : Reading sub[18] auto_chipwatcher_0_logicbram_syn_181
SYN-2541 : Reading sub[19] auto_chipwatcher_0_logicbram_syn_191
SYN-2541 : Reading sub[20] auto_chipwatcher_0_logicbram_syn_201
SYN-2541 : Reading sub[21] auto_chipwatcher_0_logicbram_syn_211
SYN-2541 : Reading sub[22] auto_chipwatcher_0_logicbram_syn_221
SYN-2541 : Reading sub[23] auto_chipwatcher_0_logicbram_syn_231
SYN-2541 : Reading sub[24] auto_chipwatcher_0_logicbram_syn_241
SYN-2541 : Reading sub[25] auto_chipwatcher_0_logicbram_syn_251
SYN-2541 : Reading sub[26] auto_chipwatcher_0_logicbram_syn_261
SYN-2541 : Reading sub[27] auto_chipwatcher_0_logicbram_syn_271
SYN-2541 : Reading sub[28] auto_chipwatcher_0_logicbram_syn_281
SYN-2541 : Reading sub[29] auto_chipwatcher_0_logicbram_syn_291
SYN-2541 : Reading sub[30] auto_chipwatcher_0_logicbram_syn_301
SYN-2541 : Reading sub[31] auto_chipwatcher_0_logicbram_syn_311
SYN-2541 : Reading sub[32] auto_chipwatcher_0_logicbram_syn_321
SYN-2541 : Reading sub[33] auto_chipwatcher_0_logicbram_syn_331
SYN-2541 : Reading sub[34] auto_chipwatcher_0_logicbram_syn_341
SYN-2541 : Reading sub[35] auto_chipwatcher_0_logicbram_syn_351
SYN-2541 : Reading sub[36] auto_chipwatcher_0_logicbram_syn_361
SYN-2541 : Reading sub[37] auto_chipwatcher_0_logicbram_syn_371
SYN-2541 : Reading sub[38] auto_chipwatcher_0_logicbram_syn_381
SYN-2541 : Reading sub[39] auto_chipwatcher_0_logicbram_syn_391
SYN-2541 : Reading sub[40] auto_chipwatcher_0_logicbram_syn_401
SYN-2541 : Reading sub[41] auto_chipwatcher_0_logicbram_syn_411
SYN-2541 : Reading sub[42] auto_chipwatcher_0_logicbram_syn_421
SYN-2541 : Reading sub[43] auto_chipwatcher_0_logicbram_syn_431
SYN-2541 : Reading sub[44] auto_chipwatcher_0_logicbram_syn_441
SYN-2541 : Reading sub[45] auto_chipwatcher_0_logicbram_syn_451
SYN-2541 : Reading sub[46] auto_chipwatcher_0_logicbram_syn_461
SYN-2541 : Reading sub[47] auto_chipwatcher_0_logicbram_syn_471
SYN-2541 : Reading sub[48] auto_chipwatcher_0_logicbram_syn_481
SYN-2541 : Reading sub[49] auto_chipwatcher_0_logicbram_syn_491
SYN-2541 : Reading sub[50] auto_chipwatcher_0_logicbram_syn_501
SYN-2541 : Reading sub[51] auto_chipwatcher_0_logicbram_syn_511
SYN-2541 : Reading sub[52] auto_chipwatcher_0_logicbram_syn_521
SYN-2541 : Reading sub[53] auto_chipwatcher_0_logicbram_syn_531
SYN-2541 : Reading sub[54] auto_chipwatcher_0_logicbram_syn_541
SYN-2541 : Reading sub[55] auto_chipwatcher_0_logicbram_syn_551
SYN-2541 : Reading sub[56] auto_chipwatcher_0_logicbram_syn_561
SYN-2541 : Reading sub[57] auto_chipwatcher_0_logicbram_syn_563
SYN-2541 : Reading sub[58] auto_chipwatcher_0_logicbram_syn_565
KIT-1004 : ChipWatcher: write ctrl reg value: 0110111111111111111111111111111111000000000000000000000000000000000111011011111111111111111111111111111111000000000000000000000000000000000101110101110101110010000000000000000000000000
KIT-1004 : ChipWatcher: write ctrl reg value: 0000000000000000000000000000000000000000000000000000000000000000000000000000000000000000000000000000000000000000000000000000000000000000000000000000000000000000000000000000000000000000
KIT-1004 : ChipWatcher: write ctrl reg value: 0110111111111111111111111111111111000000000000000000000000000000000111011011111111111111111111111111111111000000000000000000000000000000000101110101110101110010000000000000000001000000
KIT-1004 : ChipWatcher: the value of status register = 110001011100111011
RUN-1002 : start command "rdbk_bram -bram 0X0004 -cable 0 -total_dev 1 -cur_dev 1"
KIT-1001 : Read back data from BRAM 0X0004 successfully.
RUN-1002 : start command "rdbk_bram -bram 0X0005 -cable 0 -total_dev 1 -cur_dev 1"
KIT-1001 : Read back data from BRAM 0X0005 successfully.
RUN-1002 : start command "rdbk_bram -bram 0X0006 -cable 0 -total_dev 1 -cur_dev 1"
KIT-1001 : Read back data from BRAM 0X0006 successfully.
RUN-1002 : start command "rdbk_bram -bram 0X0007 -cable 0 -total_dev 1 -cur_dev 1"
KIT-1001 : Read back data from BRAM 0X0007 successfully.
RUN-1002 : start command "rdbk_bram -bram 0X0008 -cable 0 -total_dev 1 -cur_dev 1"
KIT-1001 : Read back data from BRAM 0X0008 successfully.
RUN-1002 : start command "rdbk_bram -bram 0X0009 -cable 0 -total_dev 1 -cur_dev 1"
KIT-1001 : Read back data from BRAM 0X0009 successfully.
RUN-1002 : start command "rdbk_bram -bram 0X000A -cable 0 -total_dev 1 -cur_dev 1"
KIT-1001 : Read back data from BRAM 0X000A successfully.
RUN-1002 : start command "rdbk_bram -bram 0X000B -cable 0 -total_dev 1 -cur_dev 1"
KIT-1001 : Read back data from BRAM 0X000B successfully.
RUN-1002 : start command "rdbk_bram -bram 0X000C -cable 0 -total_dev 1 -cur_dev 1"
KIT-1001 : Read back data from BRAM 0X000C successfully.
RUN-1002 : start command "rdbk_bram -bram 0X000D -cable 0 -total_dev 1 -cur_dev 1"
KIT-1001 : Read back data from BRAM 0X000D successfully.
RUN-1002 : start command "rdbk_bram -bram 0X000E -cable 0 -total_dev 1 -cur_dev 1"
KIT-1001 : Read back data from BRAM 0X000E successfully.
RUN-1002 : start command "rdbk_bram -bram 0X000F -cable 0 -total_dev 1 -cur_dev 1"
KIT-1001 : Read back data from BRAM 0X000F successfully.
RUN-1002 : start command "rdbk_bram -bram 0X0010 -cable 0 -total_dev 1 -cur_dev 1"
KIT-1001 : Read back data from BRAM 0X0010 successfully.
RUN-1002 : start command "rdbk_bram -bram 0X0011 -cable 0 -total_dev 1 -cur_dev 1"
KIT-1001 : Read back data from BRAM 0X0011 successfully.
RUN-1002 : start command "rdbk_bram -bram 0X0012 -cable 0 -total_dev 1 -cur_dev 1"
KIT-1001 : Read back data from BRAM 0X0012 successfully.
RUN-1002 : start command "rdbk_bram -bram 0X0013 -cable 0 -total_dev 1 -cur_dev 1"
KIT-1001 : Read back data from BRAM 0X0013 successfully.
RUN-1002 : start command "rdbk_bram -bram 0X0014 -cable 0 -total_dev 1 -cur_dev 1"
KIT-1001 : Read back data from BRAM 0X0014 successfully.
RUN-1002 : start command "rdbk_bram -bram 0X0015 -cable 0 -total_dev 1 -cur_dev 1"
KIT-1001 : Read back data from BRAM 0X0015 successfully.
RUN-1002 : start command "rdbk_bram -bram 0X0016 -cable 0 -total_dev 1 -cur_dev 1"
KIT-1001 : Read back data from BRAM 0X0016 successfully.
RUN-1002 : start command "rdbk_bram -bram 0X0017 -cable 0 -total_dev 1 -cur_dev 1"
KIT-1001 : Read back data from BRAM 0X0017 successfully.
RUN-1002 : start command "rdbk_bram -bram 0X0018 -cable 0 -total_dev 1 -cur_dev 1"
KIT-1001 : Read back data from BRAM 0X0018 successfully.
RUN-1002 : start command "rdbk_bram -bram 0X0019 -cable 0 -total_dev 1 -cur_dev 1"
KIT-1001 : Read back data from BRAM 0X0019 successfully.
RUN-1002 : start command "rdbk_bram -bram 0X001A -cable 0 -total_dev 1 -cur_dev 1"
KIT-1001 : Read back data from BRAM 0X001A successfully.
RUN-1002 : start command "rdbk_bram -bram 0X001B -cable 0 -total_dev 1 -cur_dev 1"
KIT-1001 : Read back data from BRAM 0X001B successfully.
RUN-1002 : start command "rdbk_bram -bram 0X001C -cable 0 -total_dev 1 -cur_dev 1"
KIT-1001 : Read back data from BRAM 0X001C successfully.
RUN-1002 : start command "rdbk_bram -bram 0X001D -cable 0 -total_dev 1 -cur_dev 1"
KIT-1001 : Read back data from BRAM 0X001D successfully.
RUN-1002 : start command "rdbk_bram -bram 0X001E -cable 0 -total_dev 1 -cur_dev 1"
KIT-1001 : Read back data from BRAM 0X001E successfully.
RUN-1002 : start command "rdbk_bram -bram 0X001F -cable 0 -total_dev 1 -cur_dev 1"
KIT-1001 : Read back data from BRAM 0X001F successfully.
RUN-1002 : start command "rdbk_bram -bram 0X0020 -cable 0 -total_dev 1 -cur_dev 1"
KIT-1001 : Read back data from BRAM 0X0020 successfully.
RUN-1002 : start command "rdbk_bram -bram 0X0021 -cable 0 -total_dev 1 -cur_dev 1"
KIT-1001 : Read back data from BRAM 0X0021 successfully.
RUN-1002 : start command "rdbk_bram -bram 0X0022 -cable 0 -total_dev 1 -cur_dev 1"
KIT-1001 : Read back data from BRAM 0X0022 successfully.
RUN-1002 : start command "rdbk_bram -bram 0X0023 -cable 0 -total_dev 1 -cur_dev 1"
KIT-1001 : Read back data from BRAM 0X0023 successfully.
RUN-1002 : start command "rdbk_bram -bram 0X0024 -cable 0 -total_dev 1 -cur_dev 1"
KIT-1001 : Read back data from BRAM 0X0024 successfully.
RUN-1002 : start command "rdbk_bram -bram 0X0025 -cable 0 -total_dev 1 -cur_dev 1"
KIT-1001 : Read back data from BRAM 0X0025 successfully.
RUN-1002 : start command "rdbk_bram -bram 0X0026 -cable 0 -total_dev 1 -cur_dev 1"
KIT-1001 : Read back data from BRAM 0X0026 successfully.
RUN-1002 : start command "rdbk_bram -bram 0X0027 -cable 0 -total_dev 1 -cur_dev 1"
KIT-1001 : Read back data from BRAM 0X0027 successfully.
RUN-1002 : start command "rdbk_bram -bram 0X0028 -cable 0 -total_dev 1 -cur_dev 1"
KIT-1001 : Read back data from BRAM 0X0028 successfully.
RUN-1002 : start command "rdbk_bram -bram 0X0029 -cable 0 -total_dev 1 -cur_dev 1"
KIT-1001 : Read back data from BRAM 0X0029 successfully.
RUN-1002 : start command "rdbk_bram -bram 0X002A -cable 0 -total_dev 1 -cur_dev 1"
KIT-1001 : Read back data from BRAM 0X002A successfully.
RUN-1002 : start command "rdbk_bram -bram 0X002B -cable 0 -total_dev 1 -cur_dev 1"
KIT-1001 : Read back data from BRAM 0X002B successfully.
RUN-1002 : start command "rdbk_bram -bram 0X002C -cable 0 -total_dev 1 -cur_dev 1"
KIT-1001 : Read back data from BRAM 0X002C successfully.
RUN-1002 : start command "rdbk_bram -bram 0X002D -cable 0 -total_dev 1 -cur_dev 1"
KIT-1001 : Read back data from BRAM 0X002D successfully.
RUN-1002 : start command "rdbk_bram -bram 0X002E -cable 0 -total_dev 1 -cur_dev 1"
KIT-1001 : Read back data from BRAM 0X002E successfully.
RUN-1002 : start command "rdbk_bram -bram 0X002F -cable 0 -total_dev 1 -cur_dev 1"
KIT-1001 : Read back data from BRAM 0X002F successfully.
RUN-1002 : start command "rdbk_bram -bram 0X0030 -cable 0 -total_dev 1 -cur_dev 1"
KIT-1001 : Read back data from BRAM 0X0030 successfully.
RUN-1002 : start command "rdbk_bram -bram 0X0031 -cable 0 -total_dev 1 -cur_dev 1"
KIT-1001 : Read back data from BRAM 0X0031 successfully.
RUN-1002 : start command "rdbk_bram -bram 0X0032 -cable 0 -total_dev 1 -cur_dev 1"
KIT-1001 : Read back data from BRAM 0X0032 successfully.
RUN-1002 : start command "rdbk_bram -bram 0X0033 -cable 0 -total_dev 1 -cur_dev 1"
KIT-1001 : Read back data from BRAM 0X0033 successfully.
RUN-1002 : start command "rdbk_bram -bram 0X0034 -cable 0 -total_dev 1 -cur_dev 1"
KIT-1001 : Read back data from BRAM 0X0034 successfully.
RUN-1002 : start command "rdbk_bram -bram 0X0035 -cable 0 -total_dev 1 -cur_dev 1"
KIT-1001 : Read back data from BRAM 0X0035 successfully.
RUN-1002 : start command "rdbk_bram -bram 0X0036 -cable 0 -total_dev 1 -cur_dev 1"
KIT-1001 : Read back data from BRAM 0X0036 successfully.
RUN-1002 : start command "rdbk_bram -bram 0X0037 -cable 0 -total_dev 1 -cur_dev 1"
KIT-1001 : Read back data from BRAM 0X0037 successfully.
RUN-1002 : start command "rdbk_bram -bram 0X0038 -cable 0 -total_dev 1 -cur_dev 1"
KIT-1001 : Read back data from BRAM 0X0038 successfully.
RUN-1002 : start command "rdbk_bram -bram 0X0039 -cable 0 -total_dev 1 -cur_dev 1"
KIT-1001 : Read back data from BRAM 0X0039 successfully.
RUN-1002 : start command "rdbk_bram -bram 0X003A -cable 0 -total_dev 1 -cur_dev 1"
KIT-1001 : Read back data from BRAM 0X003A successfully.
RUN-1002 : start command "rdbk_bram -bram 0X003B -cable 0 -total_dev 1 -cur_dev 1"
KIT-1001 : Read back data from BRAM 0X003B successfully.
RUN-1002 : start command "rdbk_bram -bram 0X003C -cable 0 -total_dev 1 -cur_dev 1"
KIT-1001 : Read back data from BRAM 0X003C successfully.
RUN-1002 : start command "rdbk_bram -bram 0X003D -cable 0 -total_dev 1 -cur_dev 1"
KIT-1001 : Read back data from BRAM 0X003D successfully.
RUN-1002 : start command "rdbk_bram -bram 0X003E -cable 0 -total_dev 1 -cur_dev 1"
KIT-1001 : Read back data from BRAM 0X003E successfully.
SYN-2541 : Attrs-to-init for 59 logic bram(s)
SYN-2541 : Reading sub[0] auto_chipwatcher_0_logicbram_syn_1
SYN-2541 : Reading sub[1] auto_chipwatcher_0_logicbram_syn_11
SYN-2541 : Reading sub[2] auto_chipwatcher_0_logicbram_syn_21
SYN-2541 : Reading sub[3] auto_chipwatcher_0_logicbram_syn_31
SYN-2541 : Reading sub[4] auto_chipwatcher_0_logicbram_syn_41
SYN-2541 : Reading sub[5] auto_chipwatcher_0_logicbram_syn_51
SYN-2541 : Reading sub[6] auto_chipwatcher_0_logicbram_syn_61
SYN-2541 : Reading sub[7] auto_chipwatcher_0_logicbram_syn_71
SYN-2541 : Reading sub[8] auto_chipwatcher_0_logicbram_syn_81
SYN-2541 : Reading sub[9] auto_chipwatcher_0_logicbram_syn_91
SYN-2541 : Reading sub[10] auto_chipwatcher_0_logicbram_syn_101
SYN-2541 : Reading sub[11] auto_chipwatcher_0_logicbram_syn_111
SYN-2541 : Reading sub[12] auto_chipwatcher_0_logicbram_syn_121
SYN-2541 : Reading sub[13] auto_chipwatcher_0_logicbram_syn_131
SYN-2541 : Reading sub[14] auto_chipwatcher_0_logicbram_syn_141
SYN-2541 : Reading sub[15] auto_chipwatcher_0_logicbram_syn_151
SYN-2541 : Reading sub[16] auto_chipwatcher_0_logicbram_syn_161
SYN-2541 : Reading sub[17] auto_chipwatcher_0_logicbram_syn_171
SYN-2541 : Reading sub[18] auto_chipwatcher_0_logicbram_syn_181
SYN-2541 : Reading sub[19] auto_chipwatcher_0_logicbram_syn_191
SYN-2541 : Reading sub[20] auto_chipwatcher_0_logicbram_syn_201
SYN-2541 : Reading sub[21] auto_chipwatcher_0_logicbram_syn_211
SYN-2541 : Reading sub[22] auto_chipwatcher_0_logicbram_syn_221
SYN-2541 : Reading sub[23] auto_chipwatcher_0_logicbram_syn_231
SYN-2541 : Reading sub[24] auto_chipwatcher_0_logicbram_syn_241
SYN-2541 : Reading sub[25] auto_chipwatcher_0_logicbram_syn_251
SYN-2541 : Reading sub[26] auto_chipwatcher_0_logicbram_syn_261
SYN-2541 : Reading sub[27] auto_chipwatcher_0_logicbram_syn_271
SYN-2541 : Reading sub[28] auto_chipwatcher_0_logicbram_syn_281
SYN-2541 : Reading sub[29] auto_chipwatcher_0_logicbram_syn_291
SYN-2541 : Reading sub[30] auto_chipwatcher_0_logicbram_syn_301
SYN-2541 : Reading sub[31] auto_chipwatcher_0_logicbram_syn_311
SYN-2541 : Reading sub[32] auto_chipwatcher_0_logicbram_syn_321
SYN-2541 : Reading sub[33] auto_chipwatcher_0_logicbram_syn_331
SYN-2541 : Reading sub[34] auto_chipwatcher_0_logicbram_syn_341
SYN-2541 : Reading sub[35] auto_chipwatcher_0_logicbram_syn_351
SYN-2541 : Reading sub[36] auto_chipwatcher_0_logicbram_syn_361
SYN-2541 : Reading sub[37] auto_chipwatcher_0_logicbram_syn_371
SYN-2541 : Reading sub[38] auto_chipwatcher_0_logicbram_syn_381
SYN-2541 : Reading sub[39] auto_chipwatcher_0_logicbram_syn_391
SYN-2541 : Reading sub[40] auto_chipwatcher_0_logicbram_syn_401
SYN-2541 : Reading sub[41] auto_chipwatcher_0_logicbram_syn_411
SYN-2541 : Reading sub[42] auto_chipwatcher_0_logicbram_syn_421
SYN-2541 : Reading sub[43] auto_chipwatcher_0_logicbram_syn_431
SYN-2541 : Reading sub[44] auto_chipwatcher_0_logicbram_syn_441
SYN-2541 : Reading sub[45] auto_chipwatcher_0_logicbram_syn_451
SYN-2541 : Reading sub[46] auto_chipwatcher_0_logicbram_syn_461
SYN-2541 : Reading sub[47] auto_chipwatcher_0_logicbram_syn_471
SYN-2541 : Reading sub[48] auto_chipwatcher_0_logicbram_syn_481
SYN-2541 : Reading sub[49] auto_chipwatcher_0_logicbram_syn_491
SYN-2541 : Reading sub[50] auto_chipwatcher_0_logicbram_syn_501
SYN-2541 : Reading sub[51] auto_chipwatcher_0_logicbram_syn_511
SYN-2541 : Reading sub[52] auto_chipwatcher_0_logicbram_syn_521
SYN-2541 : Reading sub[53] auto_chipwatcher_0_logicbram_syn_531
SYN-2541 : Reading sub[54] auto_chipwatcher_0_logicbram_syn_541
SYN-2541 : Reading sub[55] auto_chipwatcher_0_logicbram_syn_551
SYN-2541 : Reading sub[56] auto_chipwatcher_0_logicbram_syn_561
SYN-2541 : Reading sub[57] auto_chipwatcher_0_logicbram_syn_563
SYN-2541 : Reading sub[58] auto_chipwatcher_0_logicbram_syn_565
KIT-1004 : ChipWatcher: write ctrl reg value: 0110111111111111111111111111111111000000000000000000000000000000000111011011111111111111111111111111111111000000000000000000000000000000000101110101110101110010000000000000000000000000
HDL-1007 : analyze verilog file ../rtl/HC_SR04.v
RUN-1001 : reset_run syn_1 phy_1.
GUI-6001 WARNING: File C:/Users/lkin/Desktop/DaChuang/Code/td_prj/DaChuang_Runs/phy_1/DaChuang.bit does not exist!
RUN-1001 : launch_runs syn_1 phy_1  -jobs 6.
RUN-1001 : syn_1: run complete.
RUN-1001 : phy_1: run complete.
RUN-1001 : open_run phy_1.
RUN-1002 : start command "import_db C:/Users/lkin/Desktop/DaChuang/Code/td_prj/DaChuang_Runs/phy_1/DaChuang_pr.db"
RUN-1001 : Importing database generated by Tang Dynasty, V5.6.71036.
RUN-1001 : Database version number 46146.
RUN-1001 : Import flow parameters
PHY-1001 : Generate detailed routing grids ...
PHY-1001 : Generate nets ...
PHY-1001 : net clk_dup_3 will be routed on clock mesh
PHY-1001 : clock net config_inst_syn_10 will be merged with clock config_inst_syn_9
PHY-1001 : eco open net = 0
PHY-1001 : 19 feed throughs used by 17 nets
RUN-1001 : Import IO constraints
RUN-1001 : Import Inst constraints
RUN-1001 : Import ChipWatcher
RUN-1001 : Import design success TD_VERSION=5.6.71036 , DB_VERSION=46146
RUN-1003 : finish command "import_db C:/Users/lkin/Desktop/DaChuang/Code/td_prj/DaChuang_Runs/phy_1/DaChuang_pr.db" in  1.892118s wall, 0.453125s user + 0.046875s system = 0.500000s CPU (26.4%)

RUN-1004 : used memory is 729 MB, reserved memory is 673 MB, peak memory is 730 MB
RUN-1002 : start command "config_chipwatcher -sync DaChuang.cwc -dir "
KIT-1004 : ChipWatcher: import watcher inst auto_chipwatcher_0 completed, there are 6 view nodes, 66 trigger nets, 66 data nets.
GUI-1001 : Import DaChuang.cwc success!
RUN-1002 : start command "download -bit DaChuang_Runs/phy_1/DaChuang.bit -mode jtag_burst -spd 7 -cable 0 -total_dev 1 -cur_dev 1"
PRG-2014 : Chip validation success: EAGLE_S20_BG256
RUN-1002 : start command "bit_to_vec -chip EAGLE_S20_BG256 -m jtag_burst -freq 4 -bit DaChuang_Runs/phy_1/DaChuang.bit"
RUN-1002 : start command "program -cable 0 -mode svf -spd 7 -p"
RUN-1003 : finish command "program -cable 0 -mode svf -spd 7 -p" in  6.951343s wall, 0.015625s user + 0.000000s system = 0.015625s CPU (0.2%)

RUN-1004 : used memory is 736 MB, reserved memory is 680 MB, peak memory is 756 MB
RUN-1003 : finish command "download -bit DaChuang_Runs/phy_1/DaChuang.bit -mode jtag_burst -spd 7 -cable 0 -total_dev 1 -cur_dev 1" in  7.161896s wall, 0.062500s user + 0.000000s system = 0.062500s CPU (0.9%)

RUN-1004 : used memory is 736 MB, reserved memory is 680 MB, peak memory is 756 MB
GUI-1001 : Downloading succeeded!
KIT-1004 : ChipWatcher: write ctrl reg value: 0000000000000000000000000000000000000000000000000000000000000000000000000000000000000000000000000000000000000000000000000000000000000000000000000000000000000000000000000000000000000000
KIT-1004 : ChipWatcher: write ctrl reg value: 0110111111111111111111111111111111000000000000000000000000000000000111011011111111111111111111111111111111000000000000000000000000000000000101110101110101110010000000000000000001000000
KIT-1004 : ChipWatcher: the value of status register = 110000001010100010
RUN-1002 : start command "rdbk_bram -bram 0X0004 -cable 0 -total_dev 1 -cur_dev 1"
KIT-1001 : Read back data from BRAM 0X0004 successfully.
RUN-1002 : start command "rdbk_bram -bram 0X0005 -cable 0 -total_dev 1 -cur_dev 1"
KIT-1001 : Read back data from BRAM 0X0005 successfully.
RUN-1002 : start command "rdbk_bram -bram 0X0006 -cable 0 -total_dev 1 -cur_dev 1"
KIT-1001 : Read back data from BRAM 0X0006 successfully.
RUN-1002 : start command "rdbk_bram -bram 0X0007 -cable 0 -total_dev 1 -cur_dev 1"
KIT-1001 : Read back data from BRAM 0X0007 successfully.
RUN-1002 : start command "rdbk_bram -bram 0X0008 -cable 0 -total_dev 1 -cur_dev 1"
KIT-1001 : Read back data from BRAM 0X0008 successfully.
RUN-1002 : start command "rdbk_bram -bram 0X0009 -cable 0 -total_dev 1 -cur_dev 1"
KIT-1001 : Read back data from BRAM 0X0009 successfully.
RUN-1002 : start command "rdbk_bram -bram 0X000A -cable 0 -total_dev 1 -cur_dev 1"
KIT-1001 : Read back data from BRAM 0X000A successfully.
RUN-1002 : start command "rdbk_bram -bram 0X000B -cable 0 -total_dev 1 -cur_dev 1"
KIT-1001 : Read back data from BRAM 0X000B successfully.
RUN-1002 : start command "rdbk_bram -bram 0X000C -cable 0 -total_dev 1 -cur_dev 1"
KIT-1001 : Read back data from BRAM 0X000C successfully.
RUN-1002 : start command "rdbk_bram -bram 0X000D -cable 0 -total_dev 1 -cur_dev 1"
KIT-1001 : Read back data from BRAM 0X000D successfully.
RUN-1002 : start command "rdbk_bram -bram 0X000E -cable 0 -total_dev 1 -cur_dev 1"
KIT-1001 : Read back data from BRAM 0X000E successfully.
RUN-1002 : start command "rdbk_bram -bram 0X000F -cable 0 -total_dev 1 -cur_dev 1"
KIT-1001 : Read back data from BRAM 0X000F successfully.
RUN-1002 : start command "rdbk_bram -bram 0X0010 -cable 0 -total_dev 1 -cur_dev 1"
KIT-1001 : Read back data from BRAM 0X0010 successfully.
RUN-1002 : start command "rdbk_bram -bram 0X0011 -cable 0 -total_dev 1 -cur_dev 1"
KIT-1001 : Read back data from BRAM 0X0011 successfully.
RUN-1002 : start command "rdbk_bram -bram 0X0012 -cable 0 -total_dev 1 -cur_dev 1"
KIT-1001 : Read back data from BRAM 0X0012 successfully.
RUN-1002 : start command "rdbk_bram -bram 0X0013 -cable 0 -total_dev 1 -cur_dev 1"
KIT-1001 : Read back data from BRAM 0X0013 successfully.
RUN-1002 : start command "rdbk_bram -bram 0X0014 -cable 0 -total_dev 1 -cur_dev 1"
KIT-1001 : Read back data from BRAM 0X0014 successfully.
RUN-1002 : start command "rdbk_bram -bram 0X0015 -cable 0 -total_dev 1 -cur_dev 1"
KIT-1001 : Read back data from BRAM 0X0015 successfully.
RUN-1002 : start command "rdbk_bram -bram 0X0016 -cable 0 -total_dev 1 -cur_dev 1"
KIT-1001 : Read back data from BRAM 0X0016 successfully.
RUN-1002 : start command "rdbk_bram -bram 0X0017 -cable 0 -total_dev 1 -cur_dev 1"
KIT-1001 : Read back data from BRAM 0X0017 successfully.
RUN-1002 : start command "rdbk_bram -bram 0X0018 -cable 0 -total_dev 1 -cur_dev 1"
KIT-1001 : Read back data from BRAM 0X0018 successfully.
RUN-1002 : start command "rdbk_bram -bram 0X0019 -cable 0 -total_dev 1 -cur_dev 1"
KIT-1001 : Read back data from BRAM 0X0019 successfully.
RUN-1002 : start command "rdbk_bram -bram 0X001A -cable 0 -total_dev 1 -cur_dev 1"
KIT-1001 : Read back data from BRAM 0X001A successfully.
RUN-1002 : start command "rdbk_bram -bram 0X001B -cable 0 -total_dev 1 -cur_dev 1"
KIT-1001 : Read back data from BRAM 0X001B successfully.
RUN-1002 : start command "rdbk_bram -bram 0X001C -cable 0 -total_dev 1 -cur_dev 1"
KIT-1001 : Read back data from BRAM 0X001C successfully.
RUN-1002 : start command "rdbk_bram -bram 0X001D -cable 0 -total_dev 1 -cur_dev 1"
KIT-1001 : Read back data from BRAM 0X001D successfully.
RUN-1002 : start command "rdbk_bram -bram 0X001E -cable 0 -total_dev 1 -cur_dev 1"
KIT-1001 : Read back data from BRAM 0X001E successfully.
RUN-1002 : start command "rdbk_bram -bram 0X001F -cable 0 -total_dev 1 -cur_dev 1"
KIT-1001 : Read back data from BRAM 0X001F successfully.
RUN-1002 : start command "rdbk_bram -bram 0X0020 -cable 0 -total_dev 1 -cur_dev 1"
KIT-1001 : Read back data from BRAM 0X0020 successfully.
RUN-1002 : start command "rdbk_bram -bram 0X0021 -cable 0 -total_dev 1 -cur_dev 1"
KIT-1001 : Read back data from BRAM 0X0021 successfully.
RUN-1002 : start command "rdbk_bram -bram 0X0022 -cable 0 -total_dev 1 -cur_dev 1"
KIT-1001 : Read back data from BRAM 0X0022 successfully.
RUN-1002 : start command "rdbk_bram -bram 0X0023 -cable 0 -total_dev 1 -cur_dev 1"
KIT-1001 : Read back data from BRAM 0X0023 successfully.
RUN-1002 : start command "rdbk_bram -bram 0X0024 -cable 0 -total_dev 1 -cur_dev 1"
KIT-1001 : Read back data from BRAM 0X0024 successfully.
RUN-1002 : start command "rdbk_bram -bram 0X0025 -cable 0 -total_dev 1 -cur_dev 1"
KIT-1001 : Read back data from BRAM 0X0025 successfully.
RUN-1002 : start command "rdbk_bram -bram 0X0026 -cable 0 -total_dev 1 -cur_dev 1"
KIT-1001 : Read back data from BRAM 0X0026 successfully.
RUN-1002 : start command "rdbk_bram -bram 0X0027 -cable 0 -total_dev 1 -cur_dev 1"
KIT-1001 : Read back data from BRAM 0X0027 successfully.
RUN-1002 : start command "rdbk_bram -bram 0X0028 -cable 0 -total_dev 1 -cur_dev 1"
KIT-1001 : Read back data from BRAM 0X0028 successfully.
RUN-1002 : start command "rdbk_bram -bram 0X0029 -cable 0 -total_dev 1 -cur_dev 1"
KIT-1001 : Read back data from BRAM 0X0029 successfully.
RUN-1002 : start command "rdbk_bram -bram 0X002A -cable 0 -total_dev 1 -cur_dev 1"
KIT-1001 : Read back data from BRAM 0X002A successfully.
RUN-1002 : start command "rdbk_bram -bram 0X002B -cable 0 -total_dev 1 -cur_dev 1"
KIT-1001 : Read back data from BRAM 0X002B successfully.
RUN-1002 : start command "rdbk_bram -bram 0X002C -cable 0 -total_dev 1 -cur_dev 1"
KIT-1001 : Read back data from BRAM 0X002C successfully.
RUN-1002 : start command "rdbk_bram -bram 0X002D -cable 0 -total_dev 1 -cur_dev 1"
KIT-1001 : Read back data from BRAM 0X002D successfully.
RUN-1002 : start command "rdbk_bram -bram 0X002E -cable 0 -total_dev 1 -cur_dev 1"
KIT-1001 : Read back data from BRAM 0X002E successfully.
RUN-1002 : start command "rdbk_bram -bram 0X002F -cable 0 -total_dev 1 -cur_dev 1"
KIT-1001 : Read back data from BRAM 0X002F successfully.
RUN-1002 : start command "rdbk_bram -bram 0X0030 -cable 0 -total_dev 1 -cur_dev 1"
KIT-1001 : Read back data from BRAM 0X0030 successfully.
RUN-1002 : start command "rdbk_bram -bram 0X0031 -cable 0 -total_dev 1 -cur_dev 1"
KIT-1001 : Read back data from BRAM 0X0031 successfully.
RUN-1002 : start command "rdbk_bram -bram 0X0032 -cable 0 -total_dev 1 -cur_dev 1"
KIT-1001 : Read back data from BRAM 0X0032 successfully.
RUN-1002 : start command "rdbk_bram -bram 0X0033 -cable 0 -total_dev 1 -cur_dev 1"
KIT-1001 : Read back data from BRAM 0X0033 successfully.
RUN-1002 : start command "rdbk_bram -bram 0X0034 -cable 0 -total_dev 1 -cur_dev 1"
KIT-1001 : Read back data from BRAM 0X0034 successfully.
RUN-1002 : start command "rdbk_bram -bram 0X0035 -cable 0 -total_dev 1 -cur_dev 1"
KIT-1001 : Read back data from BRAM 0X0035 successfully.
RUN-1002 : start command "rdbk_bram -bram 0X0036 -cable 0 -total_dev 1 -cur_dev 1"
KIT-1001 : Read back data from BRAM 0X0036 successfully.
RUN-1002 : start command "rdbk_bram -bram 0X0037 -cable 0 -total_dev 1 -cur_dev 1"
KIT-1001 : Read back data from BRAM 0X0037 successfully.
RUN-1002 : start command "rdbk_bram -bram 0X0038 -cable 0 -total_dev 1 -cur_dev 1"
KIT-1001 : Read back data from BRAM 0X0038 successfully.
RUN-1002 : start command "rdbk_bram -bram 0X0039 -cable 0 -total_dev 1 -cur_dev 1"
KIT-1001 : Read back data from BRAM 0X0039 successfully.
RUN-1002 : start command "rdbk_bram -bram 0X003A -cable 0 -total_dev 1 -cur_dev 1"
KIT-1001 : Read back data from BRAM 0X003A successfully.
RUN-1002 : start command "rdbk_bram -bram 0X003B -cable 0 -total_dev 1 -cur_dev 1"
KIT-1001 : Read back data from BRAM 0X003B successfully.
RUN-1002 : start command "rdbk_bram -bram 0X003C -cable 0 -total_dev 1 -cur_dev 1"
KIT-1001 : Read back data from BRAM 0X003C successfully.
RUN-1002 : start command "rdbk_bram -bram 0X003D -cable 0 -total_dev 1 -cur_dev 1"
KIT-1001 : Read back data from BRAM 0X003D successfully.
RUN-1002 : start command "rdbk_bram -bram 0X003E -cable 0 -total_dev 1 -cur_dev 1"
KIT-1001 : Read back data from BRAM 0X003E successfully.
SYN-2541 : Attrs-to-init for 59 logic bram(s)
SYN-2541 : Reading sub[0] auto_chipwatcher_0_logicbram_syn_1
SYN-2541 : Reading sub[1] auto_chipwatcher_0_logicbram_syn_11
SYN-2541 : Reading sub[2] auto_chipwatcher_0_logicbram_syn_21
SYN-2541 : Reading sub[3] auto_chipwatcher_0_logicbram_syn_31
SYN-2541 : Reading sub[4] auto_chipwatcher_0_logicbram_syn_41
SYN-2541 : Reading sub[5] auto_chipwatcher_0_logicbram_syn_51
SYN-2541 : Reading sub[6] auto_chipwatcher_0_logicbram_syn_61
SYN-2541 : Reading sub[7] auto_chipwatcher_0_logicbram_syn_71
SYN-2541 : Reading sub[8] auto_chipwatcher_0_logicbram_syn_81
SYN-2541 : Reading sub[9] auto_chipwatcher_0_logicbram_syn_91
SYN-2541 : Reading sub[10] auto_chipwatcher_0_logicbram_syn_101
SYN-2541 : Reading sub[11] auto_chipwatcher_0_logicbram_syn_111
SYN-2541 : Reading sub[12] auto_chipwatcher_0_logicbram_syn_121
SYN-2541 : Reading sub[13] auto_chipwatcher_0_logicbram_syn_131
SYN-2541 : Reading sub[14] auto_chipwatcher_0_logicbram_syn_141
SYN-2541 : Reading sub[15] auto_chipwatcher_0_logicbram_syn_151
SYN-2541 : Reading sub[16] auto_chipwatcher_0_logicbram_syn_161
SYN-2541 : Reading sub[17] auto_chipwatcher_0_logicbram_syn_171
SYN-2541 : Reading sub[18] auto_chipwatcher_0_logicbram_syn_181
SYN-2541 : Reading sub[19] auto_chipwatcher_0_logicbram_syn_191
SYN-2541 : Reading sub[20] auto_chipwatcher_0_logicbram_syn_201
SYN-2541 : Reading sub[21] auto_chipwatcher_0_logicbram_syn_211
SYN-2541 : Reading sub[22] auto_chipwatcher_0_logicbram_syn_221
SYN-2541 : Reading sub[23] auto_chipwatcher_0_logicbram_syn_231
SYN-2541 : Reading sub[24] auto_chipwatcher_0_logicbram_syn_241
SYN-2541 : Reading sub[25] auto_chipwatcher_0_logicbram_syn_251
SYN-2541 : Reading sub[26] auto_chipwatcher_0_logicbram_syn_261
SYN-2541 : Reading sub[27] auto_chipwatcher_0_logicbram_syn_271
SYN-2541 : Reading sub[28] auto_chipwatcher_0_logicbram_syn_281
SYN-2541 : Reading sub[29] auto_chipwatcher_0_logicbram_syn_291
SYN-2541 : Reading sub[30] auto_chipwatcher_0_logicbram_syn_301
SYN-2541 : Reading sub[31] auto_chipwatcher_0_logicbram_syn_311
SYN-2541 : Reading sub[32] auto_chipwatcher_0_logicbram_syn_321
SYN-2541 : Reading sub[33] auto_chipwatcher_0_logicbram_syn_331
SYN-2541 : Reading sub[34] auto_chipwatcher_0_logicbram_syn_341
SYN-2541 : Reading sub[35] auto_chipwatcher_0_logicbram_syn_351
SYN-2541 : Reading sub[36] auto_chipwatcher_0_logicbram_syn_361
SYN-2541 : Reading sub[37] auto_chipwatcher_0_logicbram_syn_371
SYN-2541 : Reading sub[38] auto_chipwatcher_0_logicbram_syn_381
SYN-2541 : Reading sub[39] auto_chipwatcher_0_logicbram_syn_391
SYN-2541 : Reading sub[40] auto_chipwatcher_0_logicbram_syn_401
SYN-2541 : Reading sub[41] auto_chipwatcher_0_logicbram_syn_411
SYN-2541 : Reading sub[42] auto_chipwatcher_0_logicbram_syn_421
SYN-2541 : Reading sub[43] auto_chipwatcher_0_logicbram_syn_431
SYN-2541 : Reading sub[44] auto_chipwatcher_0_logicbram_syn_441
SYN-2541 : Reading sub[45] auto_chipwatcher_0_logicbram_syn_451
SYN-2541 : Reading sub[46] auto_chipwatcher_0_logicbram_syn_461
SYN-2541 : Reading sub[47] auto_chipwatcher_0_logicbram_syn_471
SYN-2541 : Reading sub[48] auto_chipwatcher_0_logicbram_syn_481
SYN-2541 : Reading sub[49] auto_chipwatcher_0_logicbram_syn_491
SYN-2541 : Reading sub[50] auto_chipwatcher_0_logicbram_syn_501
SYN-2541 : Reading sub[51] auto_chipwatcher_0_logicbram_syn_511
SYN-2541 : Reading sub[52] auto_chipwatcher_0_logicbram_syn_521
SYN-2541 : Reading sub[53] auto_chipwatcher_0_logicbram_syn_531
SYN-2541 : Reading sub[54] auto_chipwatcher_0_logicbram_syn_541
SYN-2541 : Reading sub[55] auto_chipwatcher_0_logicbram_syn_551
SYN-2541 : Reading sub[56] auto_chipwatcher_0_logicbram_syn_561
SYN-2541 : Reading sub[57] auto_chipwatcher_0_logicbram_syn_563
SYN-2541 : Reading sub[58] auto_chipwatcher_0_logicbram_syn_565
KIT-1004 : ChipWatcher: write ctrl reg value: 0110111111111111111111111111111111000000000000000000000000000000000111011011111111111111111111111111111111000000000000000000000000000000000101110101110101110010000000000000000000000000
HDL-1007 : analyze verilog file ../rtl/HC_SR04.v
RUN-1001 : reset_run syn_1 phy_1.
GUI-6001 WARNING: File C:/Users/lkin/Desktop/DaChuang/Code/td_prj/DaChuang_Runs/phy_1/DaChuang.bit does not exist!
RUN-1001 : launch_runs syn_1 phy_1  -jobs 6.
RUN-1001 : syn_1: run complete.
RUN-1001 : phy_1: run complete.
RUN-1001 : open_run phy_1.
RUN-1002 : start command "import_db C:/Users/lkin/Desktop/DaChuang/Code/td_prj/DaChuang_Runs/phy_1/DaChuang_pr.db"
RUN-1001 : Importing database generated by Tang Dynasty, V5.6.71036.
RUN-1001 : Database version number 46146.
RUN-1001 : Import flow parameters
PHY-1001 : Generate detailed routing grids ...
PHY-1001 : Generate nets ...
PHY-1001 : net clk_dup_3 will be routed on clock mesh
PHY-1001 : clock net config_inst_syn_10 will be merged with clock config_inst_syn_9
PHY-1001 : eco open net = 0
PHY-1001 : 37 feed throughs used by 20 nets
RUN-1001 : Import IO constraints
RUN-1001 : Import Inst constraints
RUN-1001 : Import ChipWatcher
RUN-1001 : Import design success TD_VERSION=5.6.71036 , DB_VERSION=46146
RUN-1003 : finish command "import_db C:/Users/lkin/Desktop/DaChuang/Code/td_prj/DaChuang_Runs/phy_1/DaChuang_pr.db" in  1.756849s wall, 0.750000s user + 0.046875s system = 0.796875s CPU (45.4%)

RUN-1004 : used memory is 683 MB, reserved memory is 685 MB, peak memory is 757 MB
RUN-1002 : start command "config_chipwatcher -sync DaChuang.cwc -dir "
KIT-1004 : ChipWatcher: import watcher inst auto_chipwatcher_0 completed, there are 6 view nodes, 66 trigger nets, 66 data nets.
GUI-1001 : Import DaChuang.cwc success!
RUN-1002 : start command "download -bit DaChuang_Runs/phy_1/DaChuang.bit -mode jtag_burst -spd 7 -cable 0 -total_dev 1 -cur_dev 1"
PRG-2014 : Chip validation success: EAGLE_S20_BG256
RUN-1002 : start command "bit_to_vec -chip EAGLE_S20_BG256 -m jtag_burst -freq 4 -bit DaChuang_Runs/phy_1/DaChuang.bit"
RUN-1002 : start command "program -cable 0 -mode svf -spd 7 -p"
RUN-1003 : finish command "program -cable 0 -mode svf -spd 7 -p" in  6.954270s wall, 0.015625s user + 0.015625s system = 0.031250s CPU (0.4%)

RUN-1004 : used memory is 680 MB, reserved memory is 692 MB, peak memory is 757 MB
RUN-1003 : finish command "download -bit DaChuang_Runs/phy_1/DaChuang.bit -mode jtag_burst -spd 7 -cable 0 -total_dev 1 -cur_dev 1" in  7.158462s wall, 0.046875s user + 0.015625s system = 0.062500s CPU (0.9%)

RUN-1004 : used memory is 680 MB, reserved memory is 692 MB, peak memory is 757 MB
GUI-1001 : Downloading succeeded!
KIT-1004 : ChipWatcher: write ctrl reg value: 0000000000000000000000000000000000000000000000000000000000000000000000000000000000000000000000000000000000000000000000000000000000000000000000000000000000000000000000000000000000000000
KIT-1004 : ChipWatcher: write ctrl reg value: 0110111111111111111111111111111111000000000000000000000000000000000111011011111111111111111111111111111111000000000000000000000000000000000101110101110101110010000000000000000001000000
KIT-1004 : ChipWatcher: the value of status register = 110001011011000000
RUN-1002 : start command "rdbk_bram -bram 0X0004 -cable 0 -total_dev 1 -cur_dev 1"
KIT-1001 : Read back data from BRAM 0X0004 successfully.
RUN-1002 : start command "rdbk_bram -bram 0X0005 -cable 0 -total_dev 1 -cur_dev 1"
KIT-1001 : Read back data from BRAM 0X0005 successfully.
RUN-1002 : start command "rdbk_bram -bram 0X0006 -cable 0 -total_dev 1 -cur_dev 1"
KIT-1001 : Read back data from BRAM 0X0006 successfully.
RUN-1002 : start command "rdbk_bram -bram 0X0007 -cable 0 -total_dev 1 -cur_dev 1"
KIT-1001 : Read back data from BRAM 0X0007 successfully.
RUN-1002 : start command "rdbk_bram -bram 0X0008 -cable 0 -total_dev 1 -cur_dev 1"
KIT-1001 : Read back data from BRAM 0X0008 successfully.
RUN-1002 : start command "rdbk_bram -bram 0X0009 -cable 0 -total_dev 1 -cur_dev 1"
KIT-1001 : Read back data from BRAM 0X0009 successfully.
RUN-1002 : start command "rdbk_bram -bram 0X000A -cable 0 -total_dev 1 -cur_dev 1"
KIT-1001 : Read back data from BRAM 0X000A successfully.
RUN-1002 : start command "rdbk_bram -bram 0X000B -cable 0 -total_dev 1 -cur_dev 1"
KIT-1001 : Read back data from BRAM 0X000B successfully.
RUN-1002 : start command "rdbk_bram -bram 0X000C -cable 0 -total_dev 1 -cur_dev 1"
KIT-1001 : Read back data from BRAM 0X000C successfully.
RUN-1002 : start command "rdbk_bram -bram 0X000D -cable 0 -total_dev 1 -cur_dev 1"
KIT-1001 : Read back data from BRAM 0X000D successfully.
RUN-1002 : start command "rdbk_bram -bram 0X000E -cable 0 -total_dev 1 -cur_dev 1"
KIT-1001 : Read back data from BRAM 0X000E successfully.
RUN-1002 : start command "rdbk_bram -bram 0X000F -cable 0 -total_dev 1 -cur_dev 1"
KIT-1001 : Read back data from BRAM 0X000F successfully.
RUN-1002 : start command "rdbk_bram -bram 0X0010 -cable 0 -total_dev 1 -cur_dev 1"
KIT-1001 : Read back data from BRAM 0X0010 successfully.
RUN-1002 : start command "rdbk_bram -bram 0X0011 -cable 0 -total_dev 1 -cur_dev 1"
KIT-1001 : Read back data from BRAM 0X0011 successfully.
RUN-1002 : start command "rdbk_bram -bram 0X0012 -cable 0 -total_dev 1 -cur_dev 1"
KIT-1001 : Read back data from BRAM 0X0012 successfully.
RUN-1002 : start command "rdbk_bram -bram 0X0013 -cable 0 -total_dev 1 -cur_dev 1"
KIT-1001 : Read back data from BRAM 0X0013 successfully.
RUN-1002 : start command "rdbk_bram -bram 0X0014 -cable 0 -total_dev 1 -cur_dev 1"
KIT-1001 : Read back data from BRAM 0X0014 successfully.
RUN-1002 : start command "rdbk_bram -bram 0X0015 -cable 0 -total_dev 1 -cur_dev 1"
KIT-1001 : Read back data from BRAM 0X0015 successfully.
RUN-1002 : start command "rdbk_bram -bram 0X0016 -cable 0 -total_dev 1 -cur_dev 1"
KIT-1001 : Read back data from BRAM 0X0016 successfully.
RUN-1002 : start command "rdbk_bram -bram 0X0017 -cable 0 -total_dev 1 -cur_dev 1"
KIT-1001 : Read back data from BRAM 0X0017 successfully.
RUN-1002 : start command "rdbk_bram -bram 0X0018 -cable 0 -total_dev 1 -cur_dev 1"
KIT-1001 : Read back data from BRAM 0X0018 successfully.
RUN-1002 : start command "rdbk_bram -bram 0X0019 -cable 0 -total_dev 1 -cur_dev 1"
KIT-1001 : Read back data from BRAM 0X0019 successfully.
RUN-1002 : start command "rdbk_bram -bram 0X001A -cable 0 -total_dev 1 -cur_dev 1"
KIT-1001 : Read back data from BRAM 0X001A successfully.
RUN-1002 : start command "rdbk_bram -bram 0X001B -cable 0 -total_dev 1 -cur_dev 1"
KIT-1001 : Read back data from BRAM 0X001B successfully.
RUN-1002 : start command "rdbk_bram -bram 0X001C -cable 0 -total_dev 1 -cur_dev 1"
KIT-1001 : Read back data from BRAM 0X001C successfully.
RUN-1002 : start command "rdbk_bram -bram 0X001D -cable 0 -total_dev 1 -cur_dev 1"
KIT-1001 : Read back data from BRAM 0X001D successfully.
RUN-1002 : start command "rdbk_bram -bram 0X001E -cable 0 -total_dev 1 -cur_dev 1"
KIT-1001 : Read back data from BRAM 0X001E successfully.
RUN-1002 : start command "rdbk_bram -bram 0X001F -cable 0 -total_dev 1 -cur_dev 1"
KIT-1001 : Read back data from BRAM 0X001F successfully.
RUN-1002 : start command "rdbk_bram -bram 0X0020 -cable 0 -total_dev 1 -cur_dev 1"
KIT-1001 : Read back data from BRAM 0X0020 successfully.
RUN-1002 : start command "rdbk_bram -bram 0X0021 -cable 0 -total_dev 1 -cur_dev 1"
KIT-1001 : Read back data from BRAM 0X0021 successfully.
RUN-1002 : start command "rdbk_bram -bram 0X0022 -cable 0 -total_dev 1 -cur_dev 1"
KIT-1001 : Read back data from BRAM 0X0022 successfully.
RUN-1002 : start command "rdbk_bram -bram 0X0023 -cable 0 -total_dev 1 -cur_dev 1"
KIT-1001 : Read back data from BRAM 0X0023 successfully.
RUN-1002 : start command "rdbk_bram -bram 0X0024 -cable 0 -total_dev 1 -cur_dev 1"
KIT-1001 : Read back data from BRAM 0X0024 successfully.
RUN-1002 : start command "rdbk_bram -bram 0X0025 -cable 0 -total_dev 1 -cur_dev 1"
KIT-1001 : Read back data from BRAM 0X0025 successfully.
RUN-1002 : start command "rdbk_bram -bram 0X0026 -cable 0 -total_dev 1 -cur_dev 1"
KIT-1001 : Read back data from BRAM 0X0026 successfully.
RUN-1002 : start command "rdbk_bram -bram 0X0027 -cable 0 -total_dev 1 -cur_dev 1"
KIT-1001 : Read back data from BRAM 0X0027 successfully.
RUN-1002 : start command "rdbk_bram -bram 0X0028 -cable 0 -total_dev 1 -cur_dev 1"
KIT-1001 : Read back data from BRAM 0X0028 successfully.
RUN-1002 : start command "rdbk_bram -bram 0X0029 -cable 0 -total_dev 1 -cur_dev 1"
KIT-1001 : Read back data from BRAM 0X0029 successfully.
RUN-1002 : start command "rdbk_bram -bram 0X002A -cable 0 -total_dev 1 -cur_dev 1"
KIT-1001 : Read back data from BRAM 0X002A successfully.
RUN-1002 : start command "rdbk_bram -bram 0X002B -cable 0 -total_dev 1 -cur_dev 1"
KIT-1001 : Read back data from BRAM 0X002B successfully.
RUN-1002 : start command "rdbk_bram -bram 0X002C -cable 0 -total_dev 1 -cur_dev 1"
KIT-1001 : Read back data from BRAM 0X002C successfully.
RUN-1002 : start command "rdbk_bram -bram 0X002D -cable 0 -total_dev 1 -cur_dev 1"
KIT-1001 : Read back data from BRAM 0X002D successfully.
RUN-1002 : start command "rdbk_bram -bram 0X002E -cable 0 -total_dev 1 -cur_dev 1"
KIT-1001 : Read back data from BRAM 0X002E successfully.
RUN-1002 : start command "rdbk_bram -bram 0X002F -cable 0 -total_dev 1 -cur_dev 1"
KIT-1001 : Read back data from BRAM 0X002F successfully.
RUN-1002 : start command "rdbk_bram -bram 0X0030 -cable 0 -total_dev 1 -cur_dev 1"
KIT-1001 : Read back data from BRAM 0X0030 successfully.
RUN-1002 : start command "rdbk_bram -bram 0X0031 -cable 0 -total_dev 1 -cur_dev 1"
KIT-1001 : Read back data from BRAM 0X0031 successfully.
RUN-1002 : start command "rdbk_bram -bram 0X0032 -cable 0 -total_dev 1 -cur_dev 1"
KIT-1001 : Read back data from BRAM 0X0032 successfully.
RUN-1002 : start command "rdbk_bram -bram 0X0033 -cable 0 -total_dev 1 -cur_dev 1"
KIT-1001 : Read back data from BRAM 0X0033 successfully.
RUN-1002 : start command "rdbk_bram -bram 0X0034 -cable 0 -total_dev 1 -cur_dev 1"
KIT-1001 : Read back data from BRAM 0X0034 successfully.
RUN-1002 : start command "rdbk_bram -bram 0X0035 -cable 0 -total_dev 1 -cur_dev 1"
KIT-1001 : Read back data from BRAM 0X0035 successfully.
RUN-1002 : start command "rdbk_bram -bram 0X0036 -cable 0 -total_dev 1 -cur_dev 1"
KIT-1001 : Read back data from BRAM 0X0036 successfully.
RUN-1002 : start command "rdbk_bram -bram 0X0037 -cable 0 -total_dev 1 -cur_dev 1"
KIT-1001 : Read back data from BRAM 0X0037 successfully.
RUN-1002 : start command "rdbk_bram -bram 0X0038 -cable 0 -total_dev 1 -cur_dev 1"
KIT-1001 : Read back data from BRAM 0X0038 successfully.
RUN-1002 : start command "rdbk_bram -bram 0X0039 -cable 0 -total_dev 1 -cur_dev 1"
KIT-1001 : Read back data from BRAM 0X0039 successfully.
RUN-1002 : start command "rdbk_bram -bram 0X003A -cable 0 -total_dev 1 -cur_dev 1"
KIT-1001 : Read back data from BRAM 0X003A successfully.
RUN-1002 : start command "rdbk_bram -bram 0X003B -cable 0 -total_dev 1 -cur_dev 1"
KIT-1001 : Read back data from BRAM 0X003B successfully.
RUN-1002 : start command "rdbk_bram -bram 0X003C -cable 0 -total_dev 1 -cur_dev 1"
KIT-1001 : Read back data from BRAM 0X003C successfully.
RUN-1002 : start command "rdbk_bram -bram 0X003D -cable 0 -total_dev 1 -cur_dev 1"
KIT-1001 : Read back data from BRAM 0X003D successfully.
RUN-1002 : start command "rdbk_bram -bram 0X003E -cable 0 -total_dev 1 -cur_dev 1"
KIT-1001 : Read back data from BRAM 0X003E successfully.
SYN-2541 : Attrs-to-init for 59 logic bram(s)
SYN-2541 : Reading sub[0] auto_chipwatcher_0_logicbram_syn_1
SYN-2541 : Reading sub[1] auto_chipwatcher_0_logicbram_syn_11
SYN-2541 : Reading sub[2] auto_chipwatcher_0_logicbram_syn_21
SYN-2541 : Reading sub[3] auto_chipwatcher_0_logicbram_syn_31
SYN-2541 : Reading sub[4] auto_chipwatcher_0_logicbram_syn_41
SYN-2541 : Reading sub[5] auto_chipwatcher_0_logicbram_syn_51
SYN-2541 : Reading sub[6] auto_chipwatcher_0_logicbram_syn_61
SYN-2541 : Reading sub[7] auto_chipwatcher_0_logicbram_syn_71
SYN-2541 : Reading sub[8] auto_chipwatcher_0_logicbram_syn_81
SYN-2541 : Reading sub[9] auto_chipwatcher_0_logicbram_syn_91
SYN-2541 : Reading sub[10] auto_chipwatcher_0_logicbram_syn_101
SYN-2541 : Reading sub[11] auto_chipwatcher_0_logicbram_syn_111
SYN-2541 : Reading sub[12] auto_chipwatcher_0_logicbram_syn_121
SYN-2541 : Reading sub[13] auto_chipwatcher_0_logicbram_syn_131
SYN-2541 : Reading sub[14] auto_chipwatcher_0_logicbram_syn_141
SYN-2541 : Reading sub[15] auto_chipwatcher_0_logicbram_syn_151
SYN-2541 : Reading sub[16] auto_chipwatcher_0_logicbram_syn_161
SYN-2541 : Reading sub[17] auto_chipwatcher_0_logicbram_syn_171
SYN-2541 : Reading sub[18] auto_chipwatcher_0_logicbram_syn_181
SYN-2541 : Reading sub[19] auto_chipwatcher_0_logicbram_syn_191
SYN-2541 : Reading sub[20] auto_chipwatcher_0_logicbram_syn_201
SYN-2541 : Reading sub[21] auto_chipwatcher_0_logicbram_syn_211
SYN-2541 : Reading sub[22] auto_chipwatcher_0_logicbram_syn_221
SYN-2541 : Reading sub[23] auto_chipwatcher_0_logicbram_syn_231
SYN-2541 : Reading sub[24] auto_chipwatcher_0_logicbram_syn_241
SYN-2541 : Reading sub[25] auto_chipwatcher_0_logicbram_syn_251
SYN-2541 : Reading sub[26] auto_chipwatcher_0_logicbram_syn_261
SYN-2541 : Reading sub[27] auto_chipwatcher_0_logicbram_syn_271
SYN-2541 : Reading sub[28] auto_chipwatcher_0_logicbram_syn_281
SYN-2541 : Reading sub[29] auto_chipwatcher_0_logicbram_syn_291
SYN-2541 : Reading sub[30] auto_chipwatcher_0_logicbram_syn_301
SYN-2541 : Reading sub[31] auto_chipwatcher_0_logicbram_syn_311
SYN-2541 : Reading sub[32] auto_chipwatcher_0_logicbram_syn_321
SYN-2541 : Reading sub[33] auto_chipwatcher_0_logicbram_syn_331
SYN-2541 : Reading sub[34] auto_chipwatcher_0_logicbram_syn_341
SYN-2541 : Reading sub[35] auto_chipwatcher_0_logicbram_syn_351
SYN-2541 : Reading sub[36] auto_chipwatcher_0_logicbram_syn_361
SYN-2541 : Reading sub[37] auto_chipwatcher_0_logicbram_syn_371
SYN-2541 : Reading sub[38] auto_chipwatcher_0_logicbram_syn_381
SYN-2541 : Reading sub[39] auto_chipwatcher_0_logicbram_syn_391
SYN-2541 : Reading sub[40] auto_chipwatcher_0_logicbram_syn_401
SYN-2541 : Reading sub[41] auto_chipwatcher_0_logicbram_syn_411
SYN-2541 : Reading sub[42] auto_chipwatcher_0_logicbram_syn_421
SYN-2541 : Reading sub[43] auto_chipwatcher_0_logicbram_syn_431
SYN-2541 : Reading sub[44] auto_chipwatcher_0_logicbram_syn_441
SYN-2541 : Reading sub[45] auto_chipwatcher_0_logicbram_syn_451
SYN-2541 : Reading sub[46] auto_chipwatcher_0_logicbram_syn_461
SYN-2541 : Reading sub[47] auto_chipwatcher_0_logicbram_syn_471
SYN-2541 : Reading sub[48] auto_chipwatcher_0_logicbram_syn_481
SYN-2541 : Reading sub[49] auto_chipwatcher_0_logicbram_syn_491
SYN-2541 : Reading sub[50] auto_chipwatcher_0_logicbram_syn_501
SYN-2541 : Reading sub[51] auto_chipwatcher_0_logicbram_syn_511
SYN-2541 : Reading sub[52] auto_chipwatcher_0_logicbram_syn_521
SYN-2541 : Reading sub[53] auto_chipwatcher_0_logicbram_syn_531
SYN-2541 : Reading sub[54] auto_chipwatcher_0_logicbram_syn_541
SYN-2541 : Reading sub[55] auto_chipwatcher_0_logicbram_syn_551
SYN-2541 : Reading sub[56] auto_chipwatcher_0_logicbram_syn_561
SYN-2541 : Reading sub[57] auto_chipwatcher_0_logicbram_syn_563
SYN-2541 : Reading sub[58] auto_chipwatcher_0_logicbram_syn_565
KIT-1004 : ChipWatcher: write ctrl reg value: 0110111111111111111111111111111111000000000000000000000000000000000111011011111111111111111111111111111111000000000000000000000000000000000101110101110101110010000000000000000000000000
HDL-1007 : analyze verilog file ../rtl/HC_SR04.v
RUN-1001 : reset_run syn_1 phy_1.
GUI-6001 WARNING: File C:/Users/lkin/Desktop/DaChuang/Code/td_prj/DaChuang_Runs/phy_1/DaChuang.bit does not exist!
RUN-1001 : launch_runs syn_1 phy_1  -jobs 6.
RUN-1001 : syn_1: run complete.
RUN-1001 : phy_1: run complete.
RUN-1001 : open_run phy_1.
RUN-1002 : start command "import_db C:/Users/lkin/Desktop/DaChuang/Code/td_prj/DaChuang_Runs/phy_1/DaChuang_pr.db"
RUN-1001 : Importing database generated by Tang Dynasty, V5.6.71036.
RUN-1001 : Database version number 46146.
RUN-1001 : Import flow parameters
PHY-1001 : Generate detailed routing grids ...
PHY-1001 : Generate nets ...
PHY-1001 : net clk_dup_3 will be routed on clock mesh
PHY-1001 : clock net config_inst_syn_10 will be merged with clock config_inst_syn_9
PHY-1001 : eco open net = 0
PHY-1001 : 15 feed throughs used by 13 nets
RUN-1001 : Import IO constraints
RUN-1001 : Import Inst constraints
RUN-1001 : Import ChipWatcher
RUN-1001 : Import design success TD_VERSION=5.6.71036 , DB_VERSION=46146
RUN-1003 : finish command "import_db C:/Users/lkin/Desktop/DaChuang/Code/td_prj/DaChuang_Runs/phy_1/DaChuang_pr.db" in  1.747412s wall, 0.078125s user + 0.000000s system = 0.078125s CPU (4.5%)

RUN-1004 : used memory is 679 MB, reserved memory is 690 MB, peak memory is 757 MB
RUN-1002 : start command "config_chipwatcher -sync DaChuang.cwc -dir "
KIT-1004 : ChipWatcher: import watcher inst auto_chipwatcher_0 completed, there are 6 view nodes, 66 trigger nets, 66 data nets.
GUI-1001 : Import DaChuang.cwc success!
RUN-1002 : start command "download -bit DaChuang_Runs/phy_1/DaChuang.bit -mode jtag_burst -spd 7 -cable 0 -total_dev 1 -cur_dev 1"
PRG-2014 : Chip validation success: EAGLE_S20_BG256
RUN-1002 : start command "bit_to_vec -chip EAGLE_S20_BG256 -m jtag_burst -freq 4 -bit DaChuang_Runs/phy_1/DaChuang.bit"
RUN-1002 : start command "program -cable 0 -mode svf -spd 7 -p"
RUN-1003 : finish command "program -cable 0 -mode svf -spd 7 -p" in  6.955034s wall, 0.000000s user + 0.015625s system = 0.015625s CPU (0.2%)

RUN-1004 : used memory is 686 MB, reserved memory is 696 MB, peak memory is 757 MB
RUN-1003 : finish command "download -bit DaChuang_Runs/phy_1/DaChuang.bit -mode jtag_burst -spd 7 -cable 0 -total_dev 1 -cur_dev 1" in  7.159439s wall, 0.031250s user + 0.015625s system = 0.046875s CPU (0.7%)

RUN-1004 : used memory is 686 MB, reserved memory is 696 MB, peak memory is 757 MB
GUI-1001 : Downloading succeeded!
KIT-1004 : ChipWatcher: write ctrl reg value: 0000000000000000000000000000000000000000000000000000000000000000000000000000000000000000000000000000000000000000000000000000000000000000000000000000000000000000000000000000000000000000
KIT-1004 : ChipWatcher: write ctrl reg value: 0110111111111111111111111111111111000000000000000000000000000000000111011011111111111111111111111111111111000000000000000000000000000000000101110101110101110010000000000000000001000000
KIT-1004 : ChipWatcher: the value of status register = 010001001010111110
KIT-1004 : ChipWatcher: the value of status register = 110001001100011110
RUN-1002 : start command "rdbk_bram -bram 0X0004 -cable 0 -total_dev 1 -cur_dev 1"
KIT-1001 : Read back data from BRAM 0X0004 successfully.
RUN-1002 : start command "rdbk_bram -bram 0X0005 -cable 0 -total_dev 1 -cur_dev 1"
KIT-1001 : Read back data from BRAM 0X0005 successfully.
RUN-1002 : start command "rdbk_bram -bram 0X0006 -cable 0 -total_dev 1 -cur_dev 1"
KIT-1001 : Read back data from BRAM 0X0006 successfully.
RUN-1002 : start command "rdbk_bram -bram 0X0007 -cable 0 -total_dev 1 -cur_dev 1"
KIT-1001 : Read back data from BRAM 0X0007 successfully.
RUN-1002 : start command "rdbk_bram -bram 0X0008 -cable 0 -total_dev 1 -cur_dev 1"
KIT-1001 : Read back data from BRAM 0X0008 successfully.
RUN-1002 : start command "rdbk_bram -bram 0X0009 -cable 0 -total_dev 1 -cur_dev 1"
KIT-1001 : Read back data from BRAM 0X0009 successfully.
RUN-1002 : start command "rdbk_bram -bram 0X000A -cable 0 -total_dev 1 -cur_dev 1"
KIT-1001 : Read back data from BRAM 0X000A successfully.
RUN-1002 : start command "rdbk_bram -bram 0X000B -cable 0 -total_dev 1 -cur_dev 1"
KIT-1001 : Read back data from BRAM 0X000B successfully.
RUN-1002 : start command "rdbk_bram -bram 0X000C -cable 0 -total_dev 1 -cur_dev 1"
KIT-1001 : Read back data from BRAM 0X000C successfully.
RUN-1002 : start command "rdbk_bram -bram 0X000D -cable 0 -total_dev 1 -cur_dev 1"
KIT-1001 : Read back data from BRAM 0X000D successfully.
RUN-1002 : start command "rdbk_bram -bram 0X000E -cable 0 -total_dev 1 -cur_dev 1"
KIT-1001 : Read back data from BRAM 0X000E successfully.
RUN-1002 : start command "rdbk_bram -bram 0X000F -cable 0 -total_dev 1 -cur_dev 1"
KIT-1001 : Read back data from BRAM 0X000F successfully.
RUN-1002 : start command "rdbk_bram -bram 0X0010 -cable 0 -total_dev 1 -cur_dev 1"
KIT-1001 : Read back data from BRAM 0X0010 successfully.
RUN-1002 : start command "rdbk_bram -bram 0X0011 -cable 0 -total_dev 1 -cur_dev 1"
KIT-1001 : Read back data from BRAM 0X0011 successfully.
RUN-1002 : start command "rdbk_bram -bram 0X0012 -cable 0 -total_dev 1 -cur_dev 1"
KIT-1001 : Read back data from BRAM 0X0012 successfully.
RUN-1002 : start command "rdbk_bram -bram 0X0013 -cable 0 -total_dev 1 -cur_dev 1"
KIT-1001 : Read back data from BRAM 0X0013 successfully.
RUN-1002 : start command "rdbk_bram -bram 0X0014 -cable 0 -total_dev 1 -cur_dev 1"
KIT-1001 : Read back data from BRAM 0X0014 successfully.
RUN-1002 : start command "rdbk_bram -bram 0X0015 -cable 0 -total_dev 1 -cur_dev 1"
KIT-1001 : Read back data from BRAM 0X0015 successfully.
RUN-1002 : start command "rdbk_bram -bram 0X0016 -cable 0 -total_dev 1 -cur_dev 1"
KIT-1001 : Read back data from BRAM 0X0016 successfully.
RUN-1002 : start command "rdbk_bram -bram 0X0017 -cable 0 -total_dev 1 -cur_dev 1"
KIT-1001 : Read back data from BRAM 0X0017 successfully.
RUN-1002 : start command "rdbk_bram -bram 0X0018 -cable 0 -total_dev 1 -cur_dev 1"
KIT-1001 : Read back data from BRAM 0X0018 successfully.
RUN-1002 : start command "rdbk_bram -bram 0X0019 -cable 0 -total_dev 1 -cur_dev 1"
KIT-1001 : Read back data from BRAM 0X0019 successfully.
RUN-1002 : start command "rdbk_bram -bram 0X001A -cable 0 -total_dev 1 -cur_dev 1"
KIT-1001 : Read back data from BRAM 0X001A successfully.
RUN-1002 : start command "rdbk_bram -bram 0X001B -cable 0 -total_dev 1 -cur_dev 1"
KIT-1001 : Read back data from BRAM 0X001B successfully.
RUN-1002 : start command "rdbk_bram -bram 0X001C -cable 0 -total_dev 1 -cur_dev 1"
KIT-1001 : Read back data from BRAM 0X001C successfully.
RUN-1002 : start command "rdbk_bram -bram 0X001D -cable 0 -total_dev 1 -cur_dev 1"
KIT-1001 : Read back data from BRAM 0X001D successfully.
RUN-1002 : start command "rdbk_bram -bram 0X001E -cable 0 -total_dev 1 -cur_dev 1"
KIT-1001 : Read back data from BRAM 0X001E successfully.
RUN-1002 : start command "rdbk_bram -bram 0X001F -cable 0 -total_dev 1 -cur_dev 1"
KIT-1001 : Read back data from BRAM 0X001F successfully.
RUN-1002 : start command "rdbk_bram -bram 0X0020 -cable 0 -total_dev 1 -cur_dev 1"
KIT-1001 : Read back data from BRAM 0X0020 successfully.
RUN-1002 : start command "rdbk_bram -bram 0X0021 -cable 0 -total_dev 1 -cur_dev 1"
KIT-1001 : Read back data from BRAM 0X0021 successfully.
RUN-1002 : start command "rdbk_bram -bram 0X0022 -cable 0 -total_dev 1 -cur_dev 1"
KIT-1001 : Read back data from BRAM 0X0022 successfully.
RUN-1002 : start command "rdbk_bram -bram 0X0023 -cable 0 -total_dev 1 -cur_dev 1"
KIT-1001 : Read back data from BRAM 0X0023 successfully.
RUN-1002 : start command "rdbk_bram -bram 0X0024 -cable 0 -total_dev 1 -cur_dev 1"
KIT-1001 : Read back data from BRAM 0X0024 successfully.
RUN-1002 : start command "rdbk_bram -bram 0X0025 -cable 0 -total_dev 1 -cur_dev 1"
KIT-1001 : Read back data from BRAM 0X0025 successfully.
RUN-1002 : start command "rdbk_bram -bram 0X0026 -cable 0 -total_dev 1 -cur_dev 1"
KIT-1001 : Read back data from BRAM 0X0026 successfully.
RUN-1002 : start command "rdbk_bram -bram 0X0027 -cable 0 -total_dev 1 -cur_dev 1"
KIT-1001 : Read back data from BRAM 0X0027 successfully.
RUN-1002 : start command "rdbk_bram -bram 0X0028 -cable 0 -total_dev 1 -cur_dev 1"
KIT-1001 : Read back data from BRAM 0X0028 successfully.
RUN-1002 : start command "rdbk_bram -bram 0X0029 -cable 0 -total_dev 1 -cur_dev 1"
KIT-1001 : Read back data from BRAM 0X0029 successfully.
RUN-1002 : start command "rdbk_bram -bram 0X002A -cable 0 -total_dev 1 -cur_dev 1"
KIT-1001 : Read back data from BRAM 0X002A successfully.
RUN-1002 : start command "rdbk_bram -bram 0X002B -cable 0 -total_dev 1 -cur_dev 1"
KIT-1001 : Read back data from BRAM 0X002B successfully.
RUN-1002 : start command "rdbk_bram -bram 0X002C -cable 0 -total_dev 1 -cur_dev 1"
KIT-1001 : Read back data from BRAM 0X002C successfully.
RUN-1002 : start command "rdbk_bram -bram 0X002D -cable 0 -total_dev 1 -cur_dev 1"
KIT-1001 : Read back data from BRAM 0X002D successfully.
RUN-1002 : start command "rdbk_bram -bram 0X002E -cable 0 -total_dev 1 -cur_dev 1"
KIT-1001 : Read back data from BRAM 0X002E successfully.
RUN-1002 : start command "rdbk_bram -bram 0X002F -cable 0 -total_dev 1 -cur_dev 1"
KIT-1001 : Read back data from BRAM 0X002F successfully.
RUN-1002 : start command "rdbk_bram -bram 0X0030 -cable 0 -total_dev 1 -cur_dev 1"
KIT-1001 : Read back data from BRAM 0X0030 successfully.
RUN-1002 : start command "rdbk_bram -bram 0X0031 -cable 0 -total_dev 1 -cur_dev 1"
KIT-1001 : Read back data from BRAM 0X0031 successfully.
RUN-1002 : start command "rdbk_bram -bram 0X0032 -cable 0 -total_dev 1 -cur_dev 1"
KIT-1001 : Read back data from BRAM 0X0032 successfully.
RUN-1002 : start command "rdbk_bram -bram 0X0033 -cable 0 -total_dev 1 -cur_dev 1"
KIT-1001 : Read back data from BRAM 0X0033 successfully.
RUN-1002 : start command "rdbk_bram -bram 0X0034 -cable 0 -total_dev 1 -cur_dev 1"
KIT-1001 : Read back data from BRAM 0X0034 successfully.
RUN-1002 : start command "rdbk_bram -bram 0X0035 -cable 0 -total_dev 1 -cur_dev 1"
KIT-1001 : Read back data from BRAM 0X0035 successfully.
RUN-1002 : start command "rdbk_bram -bram 0X0036 -cable 0 -total_dev 1 -cur_dev 1"
KIT-1001 : Read back data from BRAM 0X0036 successfully.
RUN-1002 : start command "rdbk_bram -bram 0X0037 -cable 0 -total_dev 1 -cur_dev 1"
KIT-1001 : Read back data from BRAM 0X0037 successfully.
RUN-1002 : start command "rdbk_bram -bram 0X0038 -cable 0 -total_dev 1 -cur_dev 1"
KIT-1001 : Read back data from BRAM 0X0038 successfully.
RUN-1002 : start command "rdbk_bram -bram 0X0039 -cable 0 -total_dev 1 -cur_dev 1"
KIT-1001 : Read back data from BRAM 0X0039 successfully.
RUN-1002 : start command "rdbk_bram -bram 0X003A -cable 0 -total_dev 1 -cur_dev 1"
KIT-1001 : Read back data from BRAM 0X003A successfully.
RUN-1002 : start command "rdbk_bram -bram 0X003B -cable 0 -total_dev 1 -cur_dev 1"
KIT-1001 : Read back data from BRAM 0X003B successfully.
RUN-1002 : start command "rdbk_bram -bram 0X003C -cable 0 -total_dev 1 -cur_dev 1"
KIT-1001 : Read back data from BRAM 0X003C successfully.
RUN-1002 : start command "rdbk_bram -bram 0X003D -cable 0 -total_dev 1 -cur_dev 1"
KIT-1001 : Read back data from BRAM 0X003D successfully.
RUN-1002 : start command "rdbk_bram -bram 0X003E -cable 0 -total_dev 1 -cur_dev 1"
KIT-1001 : Read back data from BRAM 0X003E successfully.
SYN-2541 : Attrs-to-init for 59 logic bram(s)
SYN-2541 : Reading sub[0] auto_chipwatcher_0_logicbram_syn_1
SYN-2541 : Reading sub[1] auto_chipwatcher_0_logicbram_syn_11
SYN-2541 : Reading sub[2] auto_chipwatcher_0_logicbram_syn_21
SYN-2541 : Reading sub[3] auto_chipwatcher_0_logicbram_syn_31
SYN-2541 : Reading sub[4] auto_chipwatcher_0_logicbram_syn_41
SYN-2541 : Reading sub[5] auto_chipwatcher_0_logicbram_syn_51
SYN-2541 : Reading sub[6] auto_chipwatcher_0_logicbram_syn_61
SYN-2541 : Reading sub[7] auto_chipwatcher_0_logicbram_syn_71
SYN-2541 : Reading sub[8] auto_chipwatcher_0_logicbram_syn_81
SYN-2541 : Reading sub[9] auto_chipwatcher_0_logicbram_syn_91
SYN-2541 : Reading sub[10] auto_chipwatcher_0_logicbram_syn_101
SYN-2541 : Reading sub[11] auto_chipwatcher_0_logicbram_syn_111
SYN-2541 : Reading sub[12] auto_chipwatcher_0_logicbram_syn_121
SYN-2541 : Reading sub[13] auto_chipwatcher_0_logicbram_syn_131
SYN-2541 : Reading sub[14] auto_chipwatcher_0_logicbram_syn_141
SYN-2541 : Reading sub[15] auto_chipwatcher_0_logicbram_syn_151
SYN-2541 : Reading sub[16] auto_chipwatcher_0_logicbram_syn_161
SYN-2541 : Reading sub[17] auto_chipwatcher_0_logicbram_syn_171
SYN-2541 : Reading sub[18] auto_chipwatcher_0_logicbram_syn_181
SYN-2541 : Reading sub[19] auto_chipwatcher_0_logicbram_syn_191
SYN-2541 : Reading sub[20] auto_chipwatcher_0_logicbram_syn_201
SYN-2541 : Reading sub[21] auto_chipwatcher_0_logicbram_syn_211
SYN-2541 : Reading sub[22] auto_chipwatcher_0_logicbram_syn_221
SYN-2541 : Reading sub[23] auto_chipwatcher_0_logicbram_syn_231
SYN-2541 : Reading sub[24] auto_chipwatcher_0_logicbram_syn_241
SYN-2541 : Reading sub[25] auto_chipwatcher_0_logicbram_syn_251
SYN-2541 : Reading sub[26] auto_chipwatcher_0_logicbram_syn_261
SYN-2541 : Reading sub[27] auto_chipwatcher_0_logicbram_syn_271
SYN-2541 : Reading sub[28] auto_chipwatcher_0_logicbram_syn_281
SYN-2541 : Reading sub[29] auto_chipwatcher_0_logicbram_syn_291
SYN-2541 : Reading sub[30] auto_chipwatcher_0_logicbram_syn_301
SYN-2541 : Reading sub[31] auto_chipwatcher_0_logicbram_syn_311
SYN-2541 : Reading sub[32] auto_chipwatcher_0_logicbram_syn_321
SYN-2541 : Reading sub[33] auto_chipwatcher_0_logicbram_syn_331
SYN-2541 : Reading sub[34] auto_chipwatcher_0_logicbram_syn_341
SYN-2541 : Reading sub[35] auto_chipwatcher_0_logicbram_syn_351
SYN-2541 : Reading sub[36] auto_chipwatcher_0_logicbram_syn_361
SYN-2541 : Reading sub[37] auto_chipwatcher_0_logicbram_syn_371
SYN-2541 : Reading sub[38] auto_chipwatcher_0_logicbram_syn_381
SYN-2541 : Reading sub[39] auto_chipwatcher_0_logicbram_syn_391
SYN-2541 : Reading sub[40] auto_chipwatcher_0_logicbram_syn_401
SYN-2541 : Reading sub[41] auto_chipwatcher_0_logicbram_syn_411
SYN-2541 : Reading sub[42] auto_chipwatcher_0_logicbram_syn_421
SYN-2541 : Reading sub[43] auto_chipwatcher_0_logicbram_syn_431
SYN-2541 : Reading sub[44] auto_chipwatcher_0_logicbram_syn_441
SYN-2541 : Reading sub[45] auto_chipwatcher_0_logicbram_syn_451
SYN-2541 : Reading sub[46] auto_chipwatcher_0_logicbram_syn_461
SYN-2541 : Reading sub[47] auto_chipwatcher_0_logicbram_syn_471
SYN-2541 : Reading sub[48] auto_chipwatcher_0_logicbram_syn_481
SYN-2541 : Reading sub[49] auto_chipwatcher_0_logicbram_syn_491
SYN-2541 : Reading sub[50] auto_chipwatcher_0_logicbram_syn_501
SYN-2541 : Reading sub[51] auto_chipwatcher_0_logicbram_syn_511
SYN-2541 : Reading sub[52] auto_chipwatcher_0_logicbram_syn_521
SYN-2541 : Reading sub[53] auto_chipwatcher_0_logicbram_syn_531
SYN-2541 : Reading sub[54] auto_chipwatcher_0_logicbram_syn_541
SYN-2541 : Reading sub[55] auto_chipwatcher_0_logicbram_syn_551
SYN-2541 : Reading sub[56] auto_chipwatcher_0_logicbram_syn_561
SYN-2541 : Reading sub[57] auto_chipwatcher_0_logicbram_syn_563
SYN-2541 : Reading sub[58] auto_chipwatcher_0_logicbram_syn_565
KIT-1004 : ChipWatcher: write ctrl reg value: 0110111111111111111111111111111111000000000000000000000000000000000111011011111111111111111111111111111111000000000000000000000000000000000101110101110101110010000000000000000000000000
HDL-1007 : analyze verilog file ../rtl/HC_SR04.v
RUN-1001 : reset_run syn_1 phy_1.
GUI-6001 WARNING: File C:/Users/lkin/Desktop/DaChuang/Code/td_prj/DaChuang_Runs/phy_1/DaChuang.bit does not exist!
RUN-1001 : launch_runs syn_1 phy_1  -jobs 6.
RUN-1001 : syn_1: run complete.
RUN-1001 : phy_1: run complete.
RUN-1001 : open_run phy_1.
RUN-1002 : start command "import_db C:/Users/lkin/Desktop/DaChuang/Code/td_prj/DaChuang_Runs/phy_1/DaChuang_pr.db"
RUN-1001 : Importing database generated by Tang Dynasty, V5.6.71036.
RUN-1001 : Database version number 46146.
RUN-1001 : Import flow parameters
PHY-1001 : Generate detailed routing grids ...
PHY-1001 : Generate nets ...
PHY-1001 : net clk_dup_3 will be routed on clock mesh
PHY-1001 : clock net config_inst_syn_10 will be merged with clock config_inst_syn_9
PHY-1001 : eco open net = 0
PHY-1001 : 9 feed throughs used by 9 nets
RUN-1001 : Import IO constraints
RUN-1001 : Import Inst constraints
RUN-1001 : Import ChipWatcher
RUN-1001 : Import design success TD_VERSION=5.6.71036 , DB_VERSION=46146
RUN-1003 : finish command "import_db C:/Users/lkin/Desktop/DaChuang/Code/td_prj/DaChuang_Runs/phy_1/DaChuang_pr.db" in  1.742590s wall, 0.843750s user + 0.015625s system = 0.859375s CPU (49.3%)

RUN-1004 : used memory is 677 MB, reserved memory is 697 MB, peak memory is 757 MB
RUN-1002 : start command "config_chipwatcher -sync DaChuang.cwc -dir "
KIT-1004 : ChipWatcher: import watcher inst auto_chipwatcher_0 completed, there are 6 view nodes, 66 trigger nets, 66 data nets.
GUI-1001 : Import DaChuang.cwc success!
RUN-1002 : start command "download -bit DaChuang_Runs/phy_1/DaChuang.bit -mode jtag_burst -spd 7 -cable 0 -total_dev 1 -cur_dev 1"
PRG-2014 : Chip validation success: EAGLE_S20_BG256
RUN-1002 : start command "bit_to_vec -chip EAGLE_S20_BG256 -m jtag_burst -freq 4 -bit DaChuang_Runs/phy_1/DaChuang.bit"
RUN-1002 : start command "program -cable 0 -mode svf -spd 7 -p"
RUN-1003 : finish command "program -cable 0 -mode svf -spd 7 -p" in  6.942587s wall, 0.015625s user + 0.000000s system = 0.015625s CPU (0.2%)

RUN-1004 : used memory is 685 MB, reserved memory is 704 MB, peak memory is 757 MB
RUN-1003 : finish command "download -bit DaChuang_Runs/phy_1/DaChuang.bit -mode jtag_burst -spd 7 -cable 0 -total_dev 1 -cur_dev 1" in  7.142777s wall, 0.062500s user + 0.000000s system = 0.062500s CPU (0.9%)

RUN-1004 : used memory is 685 MB, reserved memory is 704 MB, peak memory is 757 MB
GUI-1001 : Downloading succeeded!
HDL-1007 : analyze verilog file ../rtl/HC_SR04.v
RUN-1001 : reset_run syn_1 phy_1.
GUI-6001 WARNING: File C:/Users/lkin/Desktop/DaChuang/Code/td_prj/DaChuang_Runs/phy_1/DaChuang.bit does not exist!
RUN-1001 : launch_runs syn_1 phy_1  -jobs 6.
RUN-1001 : syn_1: run complete.
RUN-1001 : phy_1: run complete.
RUN-1001 : open_run phy_1.
RUN-1002 : start command "import_db C:/Users/lkin/Desktop/DaChuang/Code/td_prj/DaChuang_Runs/phy_1/DaChuang_pr.db"
RUN-1001 : Importing database generated by Tang Dynasty, V5.6.71036.
RUN-1001 : Database version number 46146.
RUN-1001 : Import flow parameters
PHY-1001 : Generate detailed routing grids ...
PHY-1001 : Generate nets ...
PHY-1001 : net clk_dup_3 will be routed on clock mesh
PHY-1001 : clock net config_inst_syn_10 will be merged with clock config_inst_syn_9
PHY-1001 : eco open net = 0
PHY-1001 : 14 feed throughs used by 10 nets
RUN-1001 : Import IO constraints
RUN-1001 : Import Inst constraints
RUN-1001 : Import ChipWatcher
RUN-1001 : Import design success TD_VERSION=5.6.71036 , DB_VERSION=46146
RUN-1003 : finish command "import_db C:/Users/lkin/Desktop/DaChuang/Code/td_prj/DaChuang_Runs/phy_1/DaChuang_pr.db" in  1.874806s wall, 1.046875s user + 0.031250s system = 1.078125s CPU (57.5%)

RUN-1004 : used memory is 686 MB, reserved memory is 712 MB, peak memory is 757 MB
RUN-1002 : start command "config_chipwatcher -sync DaChuang.cwc -dir "
KIT-1004 : ChipWatcher: import watcher inst auto_chipwatcher_0 completed, there are 6 view nodes, 66 trigger nets, 66 data nets.
GUI-1001 : Import DaChuang.cwc success!
RUN-1002 : start command "download -bit DaChuang_Runs/phy_1/DaChuang.bit -mode jtag_burst -spd 7 -cable 0 -total_dev 1 -cur_dev 1"
PRG-2014 : Chip validation success: EAGLE_S20_BG256
RUN-1002 : start command "bit_to_vec -chip EAGLE_S20_BG256 -m jtag_burst -freq 4 -bit DaChuang_Runs/phy_1/DaChuang.bit"
RUN-1002 : start command "program -cable 0 -mode svf -spd 7 -p"
RUN-1003 : finish command "program -cable 0 -mode svf -spd 7 -p" in  6.946219s wall, 0.000000s user + 0.015625s system = 0.015625s CPU (0.2%)

RUN-1004 : used memory is 694 MB, reserved memory is 719 MB, peak memory is 757 MB
RUN-1003 : finish command "download -bit DaChuang_Runs/phy_1/DaChuang.bit -mode jtag_burst -spd 7 -cable 0 -total_dev 1 -cur_dev 1" in  7.149508s wall, 0.046875s user + 0.015625s system = 0.062500s CPU (0.9%)

RUN-1004 : used memory is 694 MB, reserved memory is 719 MB, peak memory is 757 MB
GUI-1001 : Downloading succeeded!
KIT-1004 : ChipWatcher: write ctrl reg value: 0000000000000000000000000000000000000000000000000000000000000000000000000000000000000000000000000000000000000000000000000000000000000000000000000000000000000000000000000000000000000000
KIT-1004 : ChipWatcher: write ctrl reg value: 0110111111111111111111111111111111000000000000000000000000000000000111011011111111111111111111111111111111000000000000000000000000000000000101110101110101110010000000000000000001000000
KIT-1004 : ChipWatcher: the value of status register = 110001001110111100
RUN-1002 : start command "rdbk_bram -bram 0X0004 -cable 0 -total_dev 1 -cur_dev 1"
KIT-1001 : Read back data from BRAM 0X0004 successfully.
RUN-1002 : start command "rdbk_bram -bram 0X0005 -cable 0 -total_dev 1 -cur_dev 1"
KIT-1001 : Read back data from BRAM 0X0005 successfully.
RUN-1002 : start command "rdbk_bram -bram 0X0006 -cable 0 -total_dev 1 -cur_dev 1"
KIT-1001 : Read back data from BRAM 0X0006 successfully.
RUN-1002 : start command "rdbk_bram -bram 0X0007 -cable 0 -total_dev 1 -cur_dev 1"
KIT-1001 : Read back data from BRAM 0X0007 successfully.
RUN-1002 : start command "rdbk_bram -bram 0X0008 -cable 0 -total_dev 1 -cur_dev 1"
KIT-1001 : Read back data from BRAM 0X0008 successfully.
RUN-1002 : start command "rdbk_bram -bram 0X0009 -cable 0 -total_dev 1 -cur_dev 1"
KIT-1001 : Read back data from BRAM 0X0009 successfully.
RUN-1002 : start command "rdbk_bram -bram 0X000A -cable 0 -total_dev 1 -cur_dev 1"
KIT-1001 : Read back data from BRAM 0X000A successfully.
RUN-1002 : start command "rdbk_bram -bram 0X000B -cable 0 -total_dev 1 -cur_dev 1"
KIT-1001 : Read back data from BRAM 0X000B successfully.
RUN-1002 : start command "rdbk_bram -bram 0X000C -cable 0 -total_dev 1 -cur_dev 1"
KIT-1001 : Read back data from BRAM 0X000C successfully.
RUN-1002 : start command "rdbk_bram -bram 0X000D -cable 0 -total_dev 1 -cur_dev 1"
KIT-1001 : Read back data from BRAM 0X000D successfully.
RUN-1002 : start command "rdbk_bram -bram 0X000E -cable 0 -total_dev 1 -cur_dev 1"
KIT-1001 : Read back data from BRAM 0X000E successfully.
RUN-1002 : start command "rdbk_bram -bram 0X000F -cable 0 -total_dev 1 -cur_dev 1"
KIT-1001 : Read back data from BRAM 0X000F successfully.
RUN-1002 : start command "rdbk_bram -bram 0X0010 -cable 0 -total_dev 1 -cur_dev 1"
KIT-1001 : Read back data from BRAM 0X0010 successfully.
RUN-1002 : start command "rdbk_bram -bram 0X0011 -cable 0 -total_dev 1 -cur_dev 1"
KIT-1001 : Read back data from BRAM 0X0011 successfully.
RUN-1002 : start command "rdbk_bram -bram 0X0012 -cable 0 -total_dev 1 -cur_dev 1"
KIT-1001 : Read back data from BRAM 0X0012 successfully.
RUN-1002 : start command "rdbk_bram -bram 0X0013 -cable 0 -total_dev 1 -cur_dev 1"
KIT-1001 : Read back data from BRAM 0X0013 successfully.
RUN-1002 : start command "rdbk_bram -bram 0X0014 -cable 0 -total_dev 1 -cur_dev 1"
KIT-1001 : Read back data from BRAM 0X0014 successfully.
RUN-1002 : start command "rdbk_bram -bram 0X0015 -cable 0 -total_dev 1 -cur_dev 1"
KIT-1001 : Read back data from BRAM 0X0015 successfully.
RUN-1002 : start command "rdbk_bram -bram 0X0016 -cable 0 -total_dev 1 -cur_dev 1"
KIT-1001 : Read back data from BRAM 0X0016 successfully.
RUN-1002 : start command "rdbk_bram -bram 0X0017 -cable 0 -total_dev 1 -cur_dev 1"
KIT-1001 : Read back data from BRAM 0X0017 successfully.
RUN-1002 : start command "rdbk_bram -bram 0X0018 -cable 0 -total_dev 1 -cur_dev 1"
KIT-1001 : Read back data from BRAM 0X0018 successfully.
RUN-1002 : start command "rdbk_bram -bram 0X0019 -cable 0 -total_dev 1 -cur_dev 1"
KIT-1001 : Read back data from BRAM 0X0019 successfully.
RUN-1002 : start command "rdbk_bram -bram 0X001A -cable 0 -total_dev 1 -cur_dev 1"
KIT-1001 : Read back data from BRAM 0X001A successfully.
RUN-1002 : start command "rdbk_bram -bram 0X001B -cable 0 -total_dev 1 -cur_dev 1"
KIT-1001 : Read back data from BRAM 0X001B successfully.
RUN-1002 : start command "rdbk_bram -bram 0X001C -cable 0 -total_dev 1 -cur_dev 1"
KIT-1001 : Read back data from BRAM 0X001C successfully.
RUN-1002 : start command "rdbk_bram -bram 0X001D -cable 0 -total_dev 1 -cur_dev 1"
KIT-1001 : Read back data from BRAM 0X001D successfully.
RUN-1002 : start command "rdbk_bram -bram 0X001E -cable 0 -total_dev 1 -cur_dev 1"
KIT-1001 : Read back data from BRAM 0X001E successfully.
RUN-1002 : start command "rdbk_bram -bram 0X001F -cable 0 -total_dev 1 -cur_dev 1"
KIT-1001 : Read back data from BRAM 0X001F successfully.
RUN-1002 : start command "rdbk_bram -bram 0X0020 -cable 0 -total_dev 1 -cur_dev 1"
KIT-1001 : Read back data from BRAM 0X0020 successfully.
RUN-1002 : start command "rdbk_bram -bram 0X0021 -cable 0 -total_dev 1 -cur_dev 1"
KIT-1001 : Read back data from BRAM 0X0021 successfully.
RUN-1002 : start command "rdbk_bram -bram 0X0022 -cable 0 -total_dev 1 -cur_dev 1"
KIT-1001 : Read back data from BRAM 0X0022 successfully.
RUN-1002 : start command "rdbk_bram -bram 0X0023 -cable 0 -total_dev 1 -cur_dev 1"
KIT-1001 : Read back data from BRAM 0X0023 successfully.
RUN-1002 : start command "rdbk_bram -bram 0X0024 -cable 0 -total_dev 1 -cur_dev 1"
KIT-1001 : Read back data from BRAM 0X0024 successfully.
RUN-1002 : start command "rdbk_bram -bram 0X0025 -cable 0 -total_dev 1 -cur_dev 1"
KIT-1001 : Read back data from BRAM 0X0025 successfully.
RUN-1002 : start command "rdbk_bram -bram 0X0026 -cable 0 -total_dev 1 -cur_dev 1"
KIT-1001 : Read back data from BRAM 0X0026 successfully.
RUN-1002 : start command "rdbk_bram -bram 0X0027 -cable 0 -total_dev 1 -cur_dev 1"
KIT-1001 : Read back data from BRAM 0X0027 successfully.
RUN-1002 : start command "rdbk_bram -bram 0X0028 -cable 0 -total_dev 1 -cur_dev 1"
KIT-1001 : Read back data from BRAM 0X0028 successfully.
RUN-1002 : start command "rdbk_bram -bram 0X0029 -cable 0 -total_dev 1 -cur_dev 1"
KIT-1001 : Read back data from BRAM 0X0029 successfully.
RUN-1002 : start command "rdbk_bram -bram 0X002A -cable 0 -total_dev 1 -cur_dev 1"
KIT-1001 : Read back data from BRAM 0X002A successfully.
RUN-1002 : start command "rdbk_bram -bram 0X002B -cable 0 -total_dev 1 -cur_dev 1"
KIT-1001 : Read back data from BRAM 0X002B successfully.
RUN-1002 : start command "rdbk_bram -bram 0X002C -cable 0 -total_dev 1 -cur_dev 1"
KIT-1001 : Read back data from BRAM 0X002C successfully.
RUN-1002 : start command "rdbk_bram -bram 0X002D -cable 0 -total_dev 1 -cur_dev 1"
KIT-1001 : Read back data from BRAM 0X002D successfully.
RUN-1002 : start command "rdbk_bram -bram 0X002E -cable 0 -total_dev 1 -cur_dev 1"
KIT-1001 : Read back data from BRAM 0X002E successfully.
RUN-1002 : start command "rdbk_bram -bram 0X002F -cable 0 -total_dev 1 -cur_dev 1"
KIT-1001 : Read back data from BRAM 0X002F successfully.
RUN-1002 : start command "rdbk_bram -bram 0X0030 -cable 0 -total_dev 1 -cur_dev 1"
KIT-1001 : Read back data from BRAM 0X0030 successfully.
RUN-1002 : start command "rdbk_bram -bram 0X0031 -cable 0 -total_dev 1 -cur_dev 1"
KIT-1001 : Read back data from BRAM 0X0031 successfully.
RUN-1002 : start command "rdbk_bram -bram 0X0032 -cable 0 -total_dev 1 -cur_dev 1"
KIT-1001 : Read back data from BRAM 0X0032 successfully.
RUN-1002 : start command "rdbk_bram -bram 0X0033 -cable 0 -total_dev 1 -cur_dev 1"
KIT-1001 : Read back data from BRAM 0X0033 successfully.
RUN-1002 : start command "rdbk_bram -bram 0X0034 -cable 0 -total_dev 1 -cur_dev 1"
KIT-1001 : Read back data from BRAM 0X0034 successfully.
RUN-1002 : start command "rdbk_bram -bram 0X0035 -cable 0 -total_dev 1 -cur_dev 1"
KIT-1001 : Read back data from BRAM 0X0035 successfully.
RUN-1002 : start command "rdbk_bram -bram 0X0036 -cable 0 -total_dev 1 -cur_dev 1"
KIT-1001 : Read back data from BRAM 0X0036 successfully.
RUN-1002 : start command "rdbk_bram -bram 0X0037 -cable 0 -total_dev 1 -cur_dev 1"
KIT-1001 : Read back data from BRAM 0X0037 successfully.
RUN-1002 : start command "rdbk_bram -bram 0X0038 -cable 0 -total_dev 1 -cur_dev 1"
KIT-1001 : Read back data from BRAM 0X0038 successfully.
RUN-1002 : start command "rdbk_bram -bram 0X0039 -cable 0 -total_dev 1 -cur_dev 1"
KIT-1001 : Read back data from BRAM 0X0039 successfully.
RUN-1002 : start command "rdbk_bram -bram 0X003A -cable 0 -total_dev 1 -cur_dev 1"
KIT-1001 : Read back data from BRAM 0X003A successfully.
RUN-1002 : start command "rdbk_bram -bram 0X003B -cable 0 -total_dev 1 -cur_dev 1"
KIT-1001 : Read back data from BRAM 0X003B successfully.
RUN-1002 : start command "rdbk_bram -bram 0X003C -cable 0 -total_dev 1 -cur_dev 1"
KIT-1001 : Read back data from BRAM 0X003C successfully.
RUN-1002 : start command "rdbk_bram -bram 0X003D -cable 0 -total_dev 1 -cur_dev 1"
KIT-1001 : Read back data from BRAM 0X003D successfully.
RUN-1002 : start command "rdbk_bram -bram 0X003E -cable 0 -total_dev 1 -cur_dev 1"
KIT-1001 : Read back data from BRAM 0X003E successfully.
SYN-2541 : Attrs-to-init for 59 logic bram(s)
SYN-2541 : Reading sub[0] auto_chipwatcher_0_logicbram_syn_1
SYN-2541 : Reading sub[1] auto_chipwatcher_0_logicbram_syn_11
SYN-2541 : Reading sub[2] auto_chipwatcher_0_logicbram_syn_21
SYN-2541 : Reading sub[3] auto_chipwatcher_0_logicbram_syn_31
SYN-2541 : Reading sub[4] auto_chipwatcher_0_logicbram_syn_41
SYN-2541 : Reading sub[5] auto_chipwatcher_0_logicbram_syn_51
SYN-2541 : Reading sub[6] auto_chipwatcher_0_logicbram_syn_61
SYN-2541 : Reading sub[7] auto_chipwatcher_0_logicbram_syn_71
SYN-2541 : Reading sub[8] auto_chipwatcher_0_logicbram_syn_81
SYN-2541 : Reading sub[9] auto_chipwatcher_0_logicbram_syn_91
SYN-2541 : Reading sub[10] auto_chipwatcher_0_logicbram_syn_101
SYN-2541 : Reading sub[11] auto_chipwatcher_0_logicbram_syn_111
SYN-2541 : Reading sub[12] auto_chipwatcher_0_logicbram_syn_121
SYN-2541 : Reading sub[13] auto_chipwatcher_0_logicbram_syn_131
SYN-2541 : Reading sub[14] auto_chipwatcher_0_logicbram_syn_141
SYN-2541 : Reading sub[15] auto_chipwatcher_0_logicbram_syn_151
SYN-2541 : Reading sub[16] auto_chipwatcher_0_logicbram_syn_161
SYN-2541 : Reading sub[17] auto_chipwatcher_0_logicbram_syn_171
SYN-2541 : Reading sub[18] auto_chipwatcher_0_logicbram_syn_181
SYN-2541 : Reading sub[19] auto_chipwatcher_0_logicbram_syn_191
SYN-2541 : Reading sub[20] auto_chipwatcher_0_logicbram_syn_201
SYN-2541 : Reading sub[21] auto_chipwatcher_0_logicbram_syn_211
SYN-2541 : Reading sub[22] auto_chipwatcher_0_logicbram_syn_221
SYN-2541 : Reading sub[23] auto_chipwatcher_0_logicbram_syn_231
SYN-2541 : Reading sub[24] auto_chipwatcher_0_logicbram_syn_241
SYN-2541 : Reading sub[25] auto_chipwatcher_0_logicbram_syn_251
SYN-2541 : Reading sub[26] auto_chipwatcher_0_logicbram_syn_261
SYN-2541 : Reading sub[27] auto_chipwatcher_0_logicbram_syn_271
SYN-2541 : Reading sub[28] auto_chipwatcher_0_logicbram_syn_281
SYN-2541 : Reading sub[29] auto_chipwatcher_0_logicbram_syn_291
SYN-2541 : Reading sub[30] auto_chipwatcher_0_logicbram_syn_301
SYN-2541 : Reading sub[31] auto_chipwatcher_0_logicbram_syn_311
SYN-2541 : Reading sub[32] auto_chipwatcher_0_logicbram_syn_321
SYN-2541 : Reading sub[33] auto_chipwatcher_0_logicbram_syn_331
SYN-2541 : Reading sub[34] auto_chipwatcher_0_logicbram_syn_341
SYN-2541 : Reading sub[35] auto_chipwatcher_0_logicbram_syn_351
SYN-2541 : Reading sub[36] auto_chipwatcher_0_logicbram_syn_361
SYN-2541 : Reading sub[37] auto_chipwatcher_0_logicbram_syn_371
SYN-2541 : Reading sub[38] auto_chipwatcher_0_logicbram_syn_381
SYN-2541 : Reading sub[39] auto_chipwatcher_0_logicbram_syn_391
SYN-2541 : Reading sub[40] auto_chipwatcher_0_logicbram_syn_401
SYN-2541 : Reading sub[41] auto_chipwatcher_0_logicbram_syn_411
SYN-2541 : Reading sub[42] auto_chipwatcher_0_logicbram_syn_421
SYN-2541 : Reading sub[43] auto_chipwatcher_0_logicbram_syn_431
SYN-2541 : Reading sub[44] auto_chipwatcher_0_logicbram_syn_441
SYN-2541 : Reading sub[45] auto_chipwatcher_0_logicbram_syn_451
SYN-2541 : Reading sub[46] auto_chipwatcher_0_logicbram_syn_461
SYN-2541 : Reading sub[47] auto_chipwatcher_0_logicbram_syn_471
SYN-2541 : Reading sub[48] auto_chipwatcher_0_logicbram_syn_481
SYN-2541 : Reading sub[49] auto_chipwatcher_0_logicbram_syn_491
SYN-2541 : Reading sub[50] auto_chipwatcher_0_logicbram_syn_501
SYN-2541 : Reading sub[51] auto_chipwatcher_0_logicbram_syn_511
SYN-2541 : Reading sub[52] auto_chipwatcher_0_logicbram_syn_521
SYN-2541 : Reading sub[53] auto_chipwatcher_0_logicbram_syn_531
SYN-2541 : Reading sub[54] auto_chipwatcher_0_logicbram_syn_541
SYN-2541 : Reading sub[55] auto_chipwatcher_0_logicbram_syn_551
SYN-2541 : Reading sub[56] auto_chipwatcher_0_logicbram_syn_561
SYN-2541 : Reading sub[57] auto_chipwatcher_0_logicbram_syn_563
SYN-2541 : Reading sub[58] auto_chipwatcher_0_logicbram_syn_565
KIT-1004 : ChipWatcher: write ctrl reg value: 0110111111111111111111111111111111000000000000000000000000000000000111011011111111111111111111111111111111000000000000000000000000000000000101110101110101110010000000000000000000000000
KIT-1004 : ChipWatcher: write ctrl reg value: 0000000000000000000000000000000000000000000000000000000000000000000000000000000000000000000000000000000000000000000000000000000000000000000000000000000000000000000000000000000000000000
KIT-1004 : ChipWatcher: write ctrl reg value: 0110111111111111111111111111111111000000000000000000000000000000000111011011111111111111111111111111111111000000000000000000000000000000000101110101110101110010000000000000000001000000
KIT-1004 : ChipWatcher: the value of status register = 110000100100110011
RUN-1002 : start command "rdbk_bram -bram 0X0004 -cable 0 -total_dev 1 -cur_dev 1"
KIT-1001 : Read back data from BRAM 0X0004 successfully.
RUN-1002 : start command "rdbk_bram -bram 0X0005 -cable 0 -total_dev 1 -cur_dev 1"
KIT-1001 : Read back data from BRAM 0X0005 successfully.
RUN-1002 : start command "rdbk_bram -bram 0X0006 -cable 0 -total_dev 1 -cur_dev 1"
KIT-1001 : Read back data from BRAM 0X0006 successfully.
RUN-1002 : start command "rdbk_bram -bram 0X0007 -cable 0 -total_dev 1 -cur_dev 1"
KIT-1001 : Read back data from BRAM 0X0007 successfully.
RUN-1002 : start command "rdbk_bram -bram 0X0008 -cable 0 -total_dev 1 -cur_dev 1"
KIT-1001 : Read back data from BRAM 0X0008 successfully.
RUN-1002 : start command "rdbk_bram -bram 0X0009 -cable 0 -total_dev 1 -cur_dev 1"
KIT-1001 : Read back data from BRAM 0X0009 successfully.
RUN-1002 : start command "rdbk_bram -bram 0X000A -cable 0 -total_dev 1 -cur_dev 1"
KIT-1001 : Read back data from BRAM 0X000A successfully.
RUN-1002 : start command "rdbk_bram -bram 0X000B -cable 0 -total_dev 1 -cur_dev 1"
KIT-1001 : Read back data from BRAM 0X000B successfully.
RUN-1002 : start command "rdbk_bram -bram 0X000C -cable 0 -total_dev 1 -cur_dev 1"
KIT-1001 : Read back data from BRAM 0X000C successfully.
RUN-1002 : start command "rdbk_bram -bram 0X000D -cable 0 -total_dev 1 -cur_dev 1"
KIT-1001 : Read back data from BRAM 0X000D successfully.
RUN-1002 : start command "rdbk_bram -bram 0X000E -cable 0 -total_dev 1 -cur_dev 1"
KIT-1001 : Read back data from BRAM 0X000E successfully.
RUN-1002 : start command "rdbk_bram -bram 0X000F -cable 0 -total_dev 1 -cur_dev 1"
KIT-1001 : Read back data from BRAM 0X000F successfully.
RUN-1002 : start command "rdbk_bram -bram 0X0010 -cable 0 -total_dev 1 -cur_dev 1"
KIT-1001 : Read back data from BRAM 0X0010 successfully.
RUN-1002 : start command "rdbk_bram -bram 0X0011 -cable 0 -total_dev 1 -cur_dev 1"
KIT-1001 : Read back data from BRAM 0X0011 successfully.
RUN-1002 : start command "rdbk_bram -bram 0X0012 -cable 0 -total_dev 1 -cur_dev 1"
KIT-1001 : Read back data from BRAM 0X0012 successfully.
RUN-1002 : start command "rdbk_bram -bram 0X0013 -cable 0 -total_dev 1 -cur_dev 1"
KIT-1001 : Read back data from BRAM 0X0013 successfully.
RUN-1002 : start command "rdbk_bram -bram 0X0014 -cable 0 -total_dev 1 -cur_dev 1"
KIT-1001 : Read back data from BRAM 0X0014 successfully.
RUN-1002 : start command "rdbk_bram -bram 0X0015 -cable 0 -total_dev 1 -cur_dev 1"
KIT-1001 : Read back data from BRAM 0X0015 successfully.
RUN-1002 : start command "rdbk_bram -bram 0X0016 -cable 0 -total_dev 1 -cur_dev 1"
KIT-1001 : Read back data from BRAM 0X0016 successfully.
RUN-1002 : start command "rdbk_bram -bram 0X0017 -cable 0 -total_dev 1 -cur_dev 1"
KIT-1001 : Read back data from BRAM 0X0017 successfully.
RUN-1002 : start command "rdbk_bram -bram 0X0018 -cable 0 -total_dev 1 -cur_dev 1"
KIT-1001 : Read back data from BRAM 0X0018 successfully.
RUN-1002 : start command "rdbk_bram -bram 0X0019 -cable 0 -total_dev 1 -cur_dev 1"
KIT-1001 : Read back data from BRAM 0X0019 successfully.
RUN-1002 : start command "rdbk_bram -bram 0X001A -cable 0 -total_dev 1 -cur_dev 1"
KIT-1001 : Read back data from BRAM 0X001A successfully.
RUN-1002 : start command "rdbk_bram -bram 0X001B -cable 0 -total_dev 1 -cur_dev 1"
KIT-1001 : Read back data from BRAM 0X001B successfully.
RUN-1002 : start command "rdbk_bram -bram 0X001C -cable 0 -total_dev 1 -cur_dev 1"
KIT-1001 : Read back data from BRAM 0X001C successfully.
RUN-1002 : start command "rdbk_bram -bram 0X001D -cable 0 -total_dev 1 -cur_dev 1"
KIT-1001 : Read back data from BRAM 0X001D successfully.
RUN-1002 : start command "rdbk_bram -bram 0X001E -cable 0 -total_dev 1 -cur_dev 1"
KIT-1001 : Read back data from BRAM 0X001E successfully.
RUN-1002 : start command "rdbk_bram -bram 0X001F -cable 0 -total_dev 1 -cur_dev 1"
KIT-1001 : Read back data from BRAM 0X001F successfully.
RUN-1002 : start command "rdbk_bram -bram 0X0020 -cable 0 -total_dev 1 -cur_dev 1"
KIT-1001 : Read back data from BRAM 0X0020 successfully.
RUN-1002 : start command "rdbk_bram -bram 0X0021 -cable 0 -total_dev 1 -cur_dev 1"
KIT-1001 : Read back data from BRAM 0X0021 successfully.
RUN-1002 : start command "rdbk_bram -bram 0X0022 -cable 0 -total_dev 1 -cur_dev 1"
KIT-1001 : Read back data from BRAM 0X0022 successfully.
RUN-1002 : start command "rdbk_bram -bram 0X0023 -cable 0 -total_dev 1 -cur_dev 1"
KIT-1001 : Read back data from BRAM 0X0023 successfully.
RUN-1002 : start command "rdbk_bram -bram 0X0024 -cable 0 -total_dev 1 -cur_dev 1"
KIT-1001 : Read back data from BRAM 0X0024 successfully.
RUN-1002 : start command "rdbk_bram -bram 0X0025 -cable 0 -total_dev 1 -cur_dev 1"
KIT-1001 : Read back data from BRAM 0X0025 successfully.
RUN-1002 : start command "rdbk_bram -bram 0X0026 -cable 0 -total_dev 1 -cur_dev 1"
KIT-1001 : Read back data from BRAM 0X0026 successfully.
RUN-1002 : start command "rdbk_bram -bram 0X0027 -cable 0 -total_dev 1 -cur_dev 1"
KIT-1001 : Read back data from BRAM 0X0027 successfully.
RUN-1002 : start command "rdbk_bram -bram 0X0028 -cable 0 -total_dev 1 -cur_dev 1"
KIT-1001 : Read back data from BRAM 0X0028 successfully.
RUN-1002 : start command "rdbk_bram -bram 0X0029 -cable 0 -total_dev 1 -cur_dev 1"
KIT-1001 : Read back data from BRAM 0X0029 successfully.
RUN-1002 : start command "rdbk_bram -bram 0X002A -cable 0 -total_dev 1 -cur_dev 1"
KIT-1001 : Read back data from BRAM 0X002A successfully.
RUN-1002 : start command "rdbk_bram -bram 0X002B -cable 0 -total_dev 1 -cur_dev 1"
KIT-1001 : Read back data from BRAM 0X002B successfully.
RUN-1002 : start command "rdbk_bram -bram 0X002C -cable 0 -total_dev 1 -cur_dev 1"
KIT-1001 : Read back data from BRAM 0X002C successfully.
RUN-1002 : start command "rdbk_bram -bram 0X002D -cable 0 -total_dev 1 -cur_dev 1"
KIT-1001 : Read back data from BRAM 0X002D successfully.
RUN-1002 : start command "rdbk_bram -bram 0X002E -cable 0 -total_dev 1 -cur_dev 1"
KIT-1001 : Read back data from BRAM 0X002E successfully.
RUN-1002 : start command "rdbk_bram -bram 0X002F -cable 0 -total_dev 1 -cur_dev 1"
KIT-1001 : Read back data from BRAM 0X002F successfully.
RUN-1002 : start command "rdbk_bram -bram 0X0030 -cable 0 -total_dev 1 -cur_dev 1"
KIT-1001 : Read back data from BRAM 0X0030 successfully.
RUN-1002 : start command "rdbk_bram -bram 0X0031 -cable 0 -total_dev 1 -cur_dev 1"
KIT-1001 : Read back data from BRAM 0X0031 successfully.
RUN-1002 : start command "rdbk_bram -bram 0X0032 -cable 0 -total_dev 1 -cur_dev 1"
KIT-1001 : Read back data from BRAM 0X0032 successfully.
RUN-1002 : start command "rdbk_bram -bram 0X0033 -cable 0 -total_dev 1 -cur_dev 1"
KIT-1001 : Read back data from BRAM 0X0033 successfully.
RUN-1002 : start command "rdbk_bram -bram 0X0034 -cable 0 -total_dev 1 -cur_dev 1"
KIT-1001 : Read back data from BRAM 0X0034 successfully.
RUN-1002 : start command "rdbk_bram -bram 0X0035 -cable 0 -total_dev 1 -cur_dev 1"
KIT-1001 : Read back data from BRAM 0X0035 successfully.
RUN-1002 : start command "rdbk_bram -bram 0X0036 -cable 0 -total_dev 1 -cur_dev 1"
KIT-1001 : Read back data from BRAM 0X0036 successfully.
RUN-1002 : start command "rdbk_bram -bram 0X0037 -cable 0 -total_dev 1 -cur_dev 1"
KIT-1001 : Read back data from BRAM 0X0037 successfully.
RUN-1002 : start command "rdbk_bram -bram 0X0038 -cable 0 -total_dev 1 -cur_dev 1"
KIT-1001 : Read back data from BRAM 0X0038 successfully.
RUN-1002 : start command "rdbk_bram -bram 0X0039 -cable 0 -total_dev 1 -cur_dev 1"
KIT-1001 : Read back data from BRAM 0X0039 successfully.
RUN-1002 : start command "rdbk_bram -bram 0X003A -cable 0 -total_dev 1 -cur_dev 1"
KIT-1001 : Read back data from BRAM 0X003A successfully.
RUN-1002 : start command "rdbk_bram -bram 0X003B -cable 0 -total_dev 1 -cur_dev 1"
KIT-1001 : Read back data from BRAM 0X003B successfully.
RUN-1002 : start command "rdbk_bram -bram 0X003C -cable 0 -total_dev 1 -cur_dev 1"
KIT-1001 : Read back data from BRAM 0X003C successfully.
RUN-1002 : start command "rdbk_bram -bram 0X003D -cable 0 -total_dev 1 -cur_dev 1"
KIT-1001 : Read back data from BRAM 0X003D successfully.
RUN-1002 : start command "rdbk_bram -bram 0X003E -cable 0 -total_dev 1 -cur_dev 1"
KIT-1001 : Read back data from BRAM 0X003E successfully.
SYN-2541 : Attrs-to-init for 59 logic bram(s)
SYN-2541 : Reading sub[0] auto_chipwatcher_0_logicbram_syn_1
SYN-2541 : Reading sub[1] auto_chipwatcher_0_logicbram_syn_11
SYN-2541 : Reading sub[2] auto_chipwatcher_0_logicbram_syn_21
SYN-2541 : Reading sub[3] auto_chipwatcher_0_logicbram_syn_31
SYN-2541 : Reading sub[4] auto_chipwatcher_0_logicbram_syn_41
SYN-2541 : Reading sub[5] auto_chipwatcher_0_logicbram_syn_51
SYN-2541 : Reading sub[6] auto_chipwatcher_0_logicbram_syn_61
SYN-2541 : Reading sub[7] auto_chipwatcher_0_logicbram_syn_71
SYN-2541 : Reading sub[8] auto_chipwatcher_0_logicbram_syn_81
SYN-2541 : Reading sub[9] auto_chipwatcher_0_logicbram_syn_91
SYN-2541 : Reading sub[10] auto_chipwatcher_0_logicbram_syn_101
SYN-2541 : Reading sub[11] auto_chipwatcher_0_logicbram_syn_111
SYN-2541 : Reading sub[12] auto_chipwatcher_0_logicbram_syn_121
SYN-2541 : Reading sub[13] auto_chipwatcher_0_logicbram_syn_131
SYN-2541 : Reading sub[14] auto_chipwatcher_0_logicbram_syn_141
SYN-2541 : Reading sub[15] auto_chipwatcher_0_logicbram_syn_151
SYN-2541 : Reading sub[16] auto_chipwatcher_0_logicbram_syn_161
SYN-2541 : Reading sub[17] auto_chipwatcher_0_logicbram_syn_171
SYN-2541 : Reading sub[18] auto_chipwatcher_0_logicbram_syn_181
SYN-2541 : Reading sub[19] auto_chipwatcher_0_logicbram_syn_191
SYN-2541 : Reading sub[20] auto_chipwatcher_0_logicbram_syn_201
SYN-2541 : Reading sub[21] auto_chipwatcher_0_logicbram_syn_211
SYN-2541 : Reading sub[22] auto_chipwatcher_0_logicbram_syn_221
SYN-2541 : Reading sub[23] auto_chipwatcher_0_logicbram_syn_231
SYN-2541 : Reading sub[24] auto_chipwatcher_0_logicbram_syn_241
SYN-2541 : Reading sub[25] auto_chipwatcher_0_logicbram_syn_251
SYN-2541 : Reading sub[26] auto_chipwatcher_0_logicbram_syn_261
SYN-2541 : Reading sub[27] auto_chipwatcher_0_logicbram_syn_271
SYN-2541 : Reading sub[28] auto_chipwatcher_0_logicbram_syn_281
SYN-2541 : Reading sub[29] auto_chipwatcher_0_logicbram_syn_291
SYN-2541 : Reading sub[30] auto_chipwatcher_0_logicbram_syn_301
SYN-2541 : Reading sub[31] auto_chipwatcher_0_logicbram_syn_311
SYN-2541 : Reading sub[32] auto_chipwatcher_0_logicbram_syn_321
SYN-2541 : Reading sub[33] auto_chipwatcher_0_logicbram_syn_331
SYN-2541 : Reading sub[34] auto_chipwatcher_0_logicbram_syn_341
SYN-2541 : Reading sub[35] auto_chipwatcher_0_logicbram_syn_351
SYN-2541 : Reading sub[36] auto_chipwatcher_0_logicbram_syn_361
SYN-2541 : Reading sub[37] auto_chipwatcher_0_logicbram_syn_371
SYN-2541 : Reading sub[38] auto_chipwatcher_0_logicbram_syn_381
SYN-2541 : Reading sub[39] auto_chipwatcher_0_logicbram_syn_391
SYN-2541 : Reading sub[40] auto_chipwatcher_0_logicbram_syn_401
SYN-2541 : Reading sub[41] auto_chipwatcher_0_logicbram_syn_411
SYN-2541 : Reading sub[42] auto_chipwatcher_0_logicbram_syn_421
SYN-2541 : Reading sub[43] auto_chipwatcher_0_logicbram_syn_431
SYN-2541 : Reading sub[44] auto_chipwatcher_0_logicbram_syn_441
SYN-2541 : Reading sub[45] auto_chipwatcher_0_logicbram_syn_451
SYN-2541 : Reading sub[46] auto_chipwatcher_0_logicbram_syn_461
SYN-2541 : Reading sub[47] auto_chipwatcher_0_logicbram_syn_471
SYN-2541 : Reading sub[48] auto_chipwatcher_0_logicbram_syn_481
SYN-2541 : Reading sub[49] auto_chipwatcher_0_logicbram_syn_491
SYN-2541 : Reading sub[50] auto_chipwatcher_0_logicbram_syn_501
SYN-2541 : Reading sub[51] auto_chipwatcher_0_logicbram_syn_511
SYN-2541 : Reading sub[52] auto_chipwatcher_0_logicbram_syn_521
SYN-2541 : Reading sub[53] auto_chipwatcher_0_logicbram_syn_531
SYN-2541 : Reading sub[54] auto_chipwatcher_0_logicbram_syn_541
SYN-2541 : Reading sub[55] auto_chipwatcher_0_logicbram_syn_551
SYN-2541 : Reading sub[56] auto_chipwatcher_0_logicbram_syn_561
SYN-2541 : Reading sub[57] auto_chipwatcher_0_logicbram_syn_563
SYN-2541 : Reading sub[58] auto_chipwatcher_0_logicbram_syn_565
KIT-1004 : ChipWatcher: write ctrl reg value: 0110111111111111111111111111111111000000000000000000000000000000000111011011111111111111111111111111111111000000000000000000000000000000000101110101110101110010000000000000000000000000
HDL-1007 : analyze verilog file ../rtl/HC_SR04.v
HDL-1007 : analyze verilog file ../rtl/HC_SR04.v
RUN-1001 : reset_run syn_1 phy_1.
GUI-6001 WARNING: File C:/Users/lkin/Desktop/DaChuang/Code/td_prj/DaChuang_Runs/phy_1/DaChuang.bit does not exist!
RUN-1001 : launch_runs syn_1 phy_1  -jobs 6.
RUN-1001 : syn_1: run complete.
RUN-1001 : phy_1: run complete.
RUN-1001 : open_run phy_1.
RUN-1002 : start command "import_db C:/Users/lkin/Desktop/DaChuang/Code/td_prj/DaChuang_Runs/phy_1/DaChuang_pr.db"
RUN-1001 : Importing database generated by Tang Dynasty, V5.6.71036.
RUN-1001 : Database version number 46146.
RUN-1001 : Import flow parameters
PHY-1001 : Generate detailed routing grids ...
PHY-1001 : Generate nets ...
PHY-1001 : net clk_dup_3 will be routed on clock mesh
PHY-1001 : clock net config_inst_syn_10 will be merged with clock config_inst_syn_9
PHY-1001 : eco open net = 0
PHY-1001 : 76 feed throughs used by 67 nets
RUN-1001 : Import IO constraints
RUN-1001 : Import Inst constraints
RUN-1001 : Import ChipWatcher
RUN-1001 : Import design success TD_VERSION=5.6.71036 , DB_VERSION=46146
RUN-1003 : finish command "import_db C:/Users/lkin/Desktop/DaChuang/Code/td_prj/DaChuang_Runs/phy_1/DaChuang_pr.db" in  4.760339s wall, 0.875000s user + 0.062500s system = 0.937500s CPU (19.7%)

RUN-1004 : used memory is 910 MB, reserved memory is 961 MB, peak memory is 916 MB
RUN-1002 : start command "config_chipwatcher -sync DaChuang.cwc -dir "
KIT-1004 : ChipWatcher: import watcher inst auto_chipwatcher_0 completed, there are 6 view nodes, 66 trigger nets, 66 data nets.
GUI-1001 : Import DaChuang.cwc success!
HDL-1007 : analyze verilog file ../rtl/HC_SR04.v
RUN-1002 : start command "download -bit DaChuang_Runs/phy_1/DaChuang.bit -mode jtag_burst -spd 7 -cable 0 -total_dev 1 -cur_dev 1"
PRG-2014 : Chip validation success: EAGLE_S20_BG256
RUN-1002 : start command "bit_to_vec -chip EAGLE_S20_BG256 -m jtag_burst -freq 4 -bit DaChuang_Runs/phy_1/DaChuang.bit"
RUN-1002 : start command "program -cable 0 -mode svf -spd 7 -p"
RUN-1003 : finish command "program -cable 0 -mode svf -spd 7 -p" in  6.942504s wall, 0.015625s user + 0.031250s system = 0.046875s CPU (0.7%)

RUN-1004 : used memory is 902 MB, reserved memory is 952 MB, peak memory is 928 MB
RUN-1003 : finish command "download -bit DaChuang_Runs/phy_1/DaChuang.bit -mode jtag_burst -spd 7 -cable 0 -total_dev 1 -cur_dev 1" in  7.151402s wall, 0.031250s user + 0.031250s system = 0.062500s CPU (0.9%)

RUN-1004 : used memory is 902 MB, reserved memory is 952 MB, peak memory is 928 MB
GUI-1001 : Downloading succeeded!
HDL-1007 : analyze verilog file ../rtl/HC_SR04.v
RUN-1001 : reset_run syn_1 phy_1.
GUI-6001 WARNING: File C:/Users/lkin/Desktop/DaChuang/Code/td_prj/DaChuang_Runs/phy_1/DaChuang.bit does not exist!
RUN-1001 : launch_runs syn_1 phy_1  -jobs 6.
RUN-1001 : syn_1: run complete.
RUN-1001 : phy_1: run complete.
RUN-1001 : open_run phy_1.
RUN-1002 : start command "import_db C:/Users/lkin/Desktop/DaChuang/Code/td_prj/DaChuang_Runs/phy_1/DaChuang_pr.db"
RUN-1001 : Importing database generated by Tang Dynasty, V5.6.71036.
RUN-1001 : Database version number 46146.
RUN-1001 : Import flow parameters
PHY-1001 : Generate detailed routing grids ...
PHY-1001 : Generate nets ...
PHY-1001 : net clk_dup_3 will be routed on clock mesh
PHY-1001 : clock net config_inst_syn_10 will be merged with clock config_inst_syn_9
PHY-1001 : eco open net = 0
PHY-1001 : 9 feed throughs used by 9 nets
RUN-1001 : Import IO constraints
RUN-1001 : Import Inst constraints
RUN-1001 : Import ChipWatcher
RUN-1001 : Import design success TD_VERSION=5.6.71036 , DB_VERSION=46146
RUN-1003 : finish command "import_db C:/Users/lkin/Desktop/DaChuang/Code/td_prj/DaChuang_Runs/phy_1/DaChuang_pr.db" in  1.928315s wall, 0.171875s user + 0.000000s system = 0.171875s CPU (8.9%)

RUN-1004 : used memory is 718 MB, reserved memory is 775 MB, peak memory is 928 MB
RUN-1002 : start command "config_chipwatcher -sync DaChuang.cwc -dir "
KIT-1004 : ChipWatcher: import watcher inst auto_chipwatcher_0 completed, there are 6 view nodes, 66 trigger nets, 66 data nets.
GUI-1001 : Import DaChuang.cwc success!
RUN-1002 : start command "download -bit DaChuang_Runs/phy_1/DaChuang.bit -mode jtag_burst -spd 7 -cable 0 -total_dev 1 -cur_dev 1"
PRG-2014 : Chip validation success: EAGLE_S20_BG256
RUN-1002 : start command "bit_to_vec -chip EAGLE_S20_BG256 -m jtag_burst -freq 4 -bit DaChuang_Runs/phy_1/DaChuang.bit"
RUN-1002 : start command "program -cable 0 -mode svf -spd 7 -p"
RUN-1003 : finish command "program -cable 0 -mode svf -spd 7 -p" in  6.944837s wall, 0.015625s user + 0.000000s system = 0.015625s CPU (0.2%)

RUN-1004 : used memory is 713 MB, reserved memory is 769 MB, peak memory is 928 MB
RUN-1003 : finish command "download -bit DaChuang_Runs/phy_1/DaChuang.bit -mode jtag_burst -spd 7 -cable 0 -total_dev 1 -cur_dev 1" in  7.150446s wall, 0.015625s user + 0.000000s system = 0.015625s CPU (0.2%)

RUN-1004 : used memory is 713 MB, reserved memory is 769 MB, peak memory is 928 MB
GUI-1001 : Downloading succeeded!
HDL-1007 : analyze verilog file ../rtl/HC_SR04.v
RUN-1001 : reset_run syn_1 phy_1.
GUI-6001 WARNING: File C:/Users/lkin/Desktop/DaChuang/Code/td_prj/DaChuang_Runs/phy_1/DaChuang.bit does not exist!
RUN-1001 : launch_runs syn_1 phy_1  -jobs 6.
RUN-1001 : syn_1: run complete.
RUN-1001 : phy_1: run complete.
RUN-1001 : open_run phy_1.
RUN-1002 : start command "import_db C:/Users/lkin/Desktop/DaChuang/Code/td_prj/DaChuang_Runs/phy_1/DaChuang_pr.db"
RUN-1001 : Importing database generated by Tang Dynasty, V5.6.71036.
RUN-1001 : Database version number 46146.
RUN-1001 : Import flow parameters
PHY-1001 : Generate detailed routing grids ...
PHY-1001 : Generate nets ...
PHY-1001 : net clk_dup_3 will be routed on clock mesh
PHY-1001 : clock net config_inst_syn_10 will be merged with clock config_inst_syn_9
PHY-1001 : eco open net = 0
PHY-1001 : 20 feed throughs used by 17 nets
RUN-1001 : Import IO constraints
RUN-1001 : Import Inst constraints
RUN-1001 : Import ChipWatcher
RUN-1001 : Import design success TD_VERSION=5.6.71036 , DB_VERSION=46146
RUN-1003 : finish command "import_db C:/Users/lkin/Desktop/DaChuang/Code/td_prj/DaChuang_Runs/phy_1/DaChuang_pr.db" in  1.379071s wall, 0.625000s user + 0.000000s system = 0.625000s CPU (45.3%)

RUN-1004 : used memory is 706 MB, reserved memory is 754 MB, peak memory is 928 MB
RUN-1002 : start command "config_chipwatcher -sync DaChuang.cwc -dir "
KIT-1004 : ChipWatcher: import watcher inst auto_chipwatcher_0 completed, there are 6 view nodes, 66 trigger nets, 66 data nets.
GUI-1001 : Import DaChuang.cwc success!
RUN-1002 : start command "download -bit DaChuang_Runs/phy_1/DaChuang.bit -mode jtag_burst -spd 7 -cable 0 -total_dev 1 -cur_dev 1"
PRG-2014 : Chip validation success: EAGLE_S20_BG256
RUN-1002 : start command "bit_to_vec -chip EAGLE_S20_BG256 -m jtag_burst -freq 4 -bit DaChuang_Runs/phy_1/DaChuang.bit"
RUN-1002 : start command "program -cable 0 -mode svf -spd 7 -p"
RUN-1003 : finish command "program -cable 0 -mode svf -spd 7 -p" in  6.949285s wall, 0.015625s user + 0.015625s system = 0.031250s CPU (0.4%)

RUN-1004 : used memory is 703 MB, reserved memory is 761 MB, peak memory is 928 MB
RUN-1003 : finish command "download -bit DaChuang_Runs/phy_1/DaChuang.bit -mode jtag_burst -spd 7 -cable 0 -total_dev 1 -cur_dev 1" in  7.153875s wall, 0.078125s user + 0.015625s system = 0.093750s CPU (1.3%)

RUN-1004 : used memory is 703 MB, reserved memory is 761 MB, peak memory is 928 MB
GUI-1001 : Downloading succeeded!
HDL-1007 : analyze verilog file ../rtl/HC_SR04.v
RUN-1001 : reset_run syn_1 phy_1.
GUI-6001 WARNING: File C:/Users/lkin/Desktop/DaChuang/Code/td_prj/DaChuang_Runs/phy_1/DaChuang.bit does not exist!
RUN-1001 : launch_runs syn_1 phy_1  -jobs 6.
RUN-1001 : syn_1: run complete.
RUN-1001 : phy_1: run complete.
RUN-1001 : open_run phy_1.
RUN-1002 : start command "import_db C:/Users/lkin/Desktop/DaChuang/Code/td_prj/DaChuang_Runs/phy_1/DaChuang_pr.db"
RUN-1001 : Importing database generated by Tang Dynasty, V5.6.71036.
RUN-1001 : Database version number 46146.
RUN-1001 : Import flow parameters
PHY-1001 : Generate detailed routing grids ...
PHY-1001 : Generate nets ...
PHY-1001 : net clk_dup_3 will be routed on clock mesh
PHY-1001 : clock net config_inst_syn_10 will be merged with clock config_inst_syn_9
PHY-1001 : eco open net = 0
PHY-1001 : 24 feed throughs used by 17 nets
RUN-1001 : Import IO constraints
RUN-1001 : Import Inst constraints
RUN-1001 : Import ChipWatcher
RUN-1001 : Import design success TD_VERSION=5.6.71036 , DB_VERSION=46146
RUN-1003 : finish command "import_db C:/Users/lkin/Desktop/DaChuang/Code/td_prj/DaChuang_Runs/phy_1/DaChuang_pr.db" in  1.697386s wall, 0.859375s user + 0.015625s system = 0.875000s CPU (51.5%)

RUN-1004 : used memory is 709 MB, reserved memory is 775 MB, peak memory is 928 MB
RUN-1002 : start command "config_chipwatcher -sync DaChuang.cwc -dir "
KIT-1004 : ChipWatcher: import watcher inst auto_chipwatcher_0 completed, there are 6 view nodes, 66 trigger nets, 66 data nets.
GUI-1001 : Import DaChuang.cwc success!
RUN-1002 : start command "download -bit DaChuang_Runs/phy_1/DaChuang.bit -mode jtag_burst -spd 7 -cable 0 -total_dev 1 -cur_dev 1"
PRG-2014 : Chip validation success: EAGLE_S20_BG256
RUN-1002 : start command "bit_to_vec -chip EAGLE_S20_BG256 -m jtag_burst -freq 4 -bit DaChuang_Runs/phy_1/DaChuang.bit"
RUN-1002 : start command "program -cable 0 -mode svf -spd 7 -p"
RUN-1003 : finish command "program -cable 0 -mode svf -spd 7 -p" in  6.951463s wall, 0.031250s user + 0.000000s system = 0.031250s CPU (0.4%)

RUN-1004 : used memory is 716 MB, reserved memory is 782 MB, peak memory is 928 MB
RUN-1003 : finish command "download -bit DaChuang_Runs/phy_1/DaChuang.bit -mode jtag_burst -spd 7 -cable 0 -total_dev 1 -cur_dev 1" in  7.156449s wall, 0.062500s user + 0.000000s system = 0.062500s CPU (0.9%)

RUN-1004 : used memory is 716 MB, reserved memory is 782 MB, peak memory is 928 MB
GUI-1001 : Downloading succeeded!
GUI-1001 : Delete distance[29:0] successfully
GUI-1001 : Delete echo_count[31:0] successfully
PRG-1000 : <!-- HMAC is: f8408a6bc6d6e285506f9185768892496c73710f8319ec0818c22943ab90ba4a -->
RUN-1001 : reset_run syn_1 phy_1.
GUI-6001 WARNING: File C:/Users/lkin/Desktop/DaChuang/Code/td_prj/DaChuang_Runs/phy_1/DaChuang.bit does not exist!
RUN-1001 : launch_runs syn_1 phy_1  -jobs 6.
RUN-1001 : syn_1: run complete.
RUN-1001 : phy_1: run complete.
RUN-1001 : open_run phy_1.
RUN-1002 : start command "import_db C:/Users/lkin/Desktop/DaChuang/Code/td_prj/DaChuang_Runs/phy_1/DaChuang_pr.db"
RUN-1001 : Importing database generated by Tang Dynasty, V5.6.71036.
RUN-1001 : Database version number 46146.
RUN-1001 : Import flow parameters
PHY-1001 : Generate detailed routing grids ...
PHY-1001 : Generate nets ...
PHY-1001 : net clk_dup_3 will be routed on clock mesh
PHY-1001 : clock net config_inst_syn_10 will be merged with clock config_inst_syn_9
PHY-1001 : eco open net = 0
PHY-1001 : 8 feed throughs used by 7 nets
RUN-1001 : Import IO constraints
RUN-1001 : Import Inst constraints
RUN-1001 : Import ChipWatcher
RUN-1001 : Import design success TD_VERSION=5.6.71036 , DB_VERSION=46146
RUN-1003 : finish command "import_db C:/Users/lkin/Desktop/DaChuang/Code/td_prj/DaChuang_Runs/phy_1/DaChuang_pr.db" in  1.410284s wall, 0.671875s user + 0.031250s system = 0.703125s CPU (49.9%)

RUN-1004 : used memory is 686 MB, reserved memory is 755 MB, peak memory is 928 MB
RUN-1002 : start command "config_chipwatcher -sync DaChuang.cwc -dir "
KIT-1004 : ChipWatcher: import watcher inst auto_chipwatcher_0 completed, there are 5 view nodes, 11 trigger nets, 11 data nets.
GUI-1001 : Import DaChuang.cwc success!
RUN-1002 : start command "download -bit DaChuang_Runs/phy_1/DaChuang.bit -mode jtag_burst -spd 7 -cable 0 -total_dev 1 -cur_dev 1"
PRG-2014 : Chip validation success: EAGLE_S20_BG256
RUN-1002 : start command "bit_to_vec -chip EAGLE_S20_BG256 -m jtag_burst -freq 4 -bit DaChuang_Runs/phy_1/DaChuang.bit"
RUN-1002 : start command "program -cable 0 -mode svf -spd 7 -p"
RUN-1003 : finish command "program -cable 0 -mode svf -spd 7 -p" in  6.397923s wall, 0.000000s user + 0.000000s system = 0.000000s CPU (n/a%)

RUN-1004 : used memory is 694 MB, reserved memory is 763 MB, peak memory is 928 MB
RUN-1003 : finish command "download -bit DaChuang_Runs/phy_1/DaChuang.bit -mode jtag_burst -spd 7 -cable 0 -total_dev 1 -cur_dev 1" in  6.593840s wall, 0.046875s user + 0.000000s system = 0.046875s CPU (0.7%)

RUN-1004 : used memory is 694 MB, reserved memory is 763 MB, peak memory is 928 MB
GUI-1001 : Downloading succeeded!
KIT-1004 : ChipWatcher: write ctrl reg value: 0000000000000000000000000000000000000000000000000000000000000000
KIT-1004 : ChipWatcher: write ctrl reg value: 0001110101110101110101110110111111100000000010000000000000000001
KIT-1004 : ChipWatcher: the value of status register = 010000001101111000
KIT-1004 : ChipWatcher: the value of status register = 110001110110010100
RUN-1002 : start command "rdbk_bram -bram 0X0004 -cable 0 -total_dev 1 -cur_dev 1"
KIT-1001 : Read back data from BRAM 0X0004 successfully.
RUN-1002 : start command "rdbk_bram -bram 0X0005 -cable 0 -total_dev 1 -cur_dev 1"
KIT-1001 : Read back data from BRAM 0X0005 successfully.
RUN-1002 : start command "rdbk_bram -bram 0X0006 -cable 0 -total_dev 1 -cur_dev 1"
KIT-1001 : Read back data from BRAM 0X0006 successfully.
RUN-1002 : start command "rdbk_bram -bram 0X0007 -cable 0 -total_dev 1 -cur_dev 1"
KIT-1001 : Read back data from BRAM 0X0007 successfully.
RUN-1002 : start command "rdbk_bram -bram 0X0008 -cable 0 -total_dev 1 -cur_dev 1"
KIT-1001 : Read back data from BRAM 0X0008 successfully.
RUN-1002 : start command "rdbk_bram -bram 0X0009 -cable 0 -total_dev 1 -cur_dev 1"
KIT-1001 : Read back data from BRAM 0X0009 successfully.
RUN-1002 : start command "rdbk_bram -bram 0X000A -cable 0 -total_dev 1 -cur_dev 1"
KIT-1001 : Read back data from BRAM 0X000A successfully.
RUN-1002 : start command "rdbk_bram -bram 0X000B -cable 0 -total_dev 1 -cur_dev 1"
KIT-1001 : Read back data from BRAM 0X000B successfully.
RUN-1002 : start command "rdbk_bram -bram 0X000C -cable 0 -total_dev 1 -cur_dev 1"
KIT-1001 : Read back data from BRAM 0X000C successfully.
RUN-1002 : start command "rdbk_bram -bram 0X000D -cable 0 -total_dev 1 -cur_dev 1"
KIT-1001 : Read back data from BRAM 0X000D successfully.
SYN-2541 : Attrs-to-init for 10 logic bram(s)
SYN-2541 : Reading sub[0] auto_chipwatcher_0_logicbram_syn_1
SYN-2541 : Reading sub[1] auto_chipwatcher_0_logicbram_syn_11
SYN-2541 : Reading sub[2] auto_chipwatcher_0_logicbram_syn_21
SYN-2541 : Reading sub[3] auto_chipwatcher_0_logicbram_syn_31
SYN-2541 : Reading sub[4] auto_chipwatcher_0_logicbram_syn_41
SYN-2541 : Reading sub[5] auto_chipwatcher_0_logicbram_syn_51
SYN-2541 : Reading sub[6] auto_chipwatcher_0_logicbram_syn_61
SYN-2541 : Reading sub[7] auto_chipwatcher_0_logicbram_syn_71
SYN-2541 : Reading sub[8] auto_chipwatcher_0_logicbram_syn_81
SYN-2541 : Reading sub[9] auto_chipwatcher_0_logicbram_syn_83
KIT-1004 : ChipWatcher: write ctrl reg value: 0001110101110101110101110110111111100000000010000000000000000000
KIT-1004 : ChipWatcher: write ctrl reg value: 0000000000000000000000000000000000000000000000000000000000000000
KIT-1004 : ChipWatcher: write ctrl reg value: 0001110101110101110101110110111111100000000010000000000000000001
KIT-1004 : ChipWatcher: the value of status register = 110000000101110111
RUN-1002 : start command "rdbk_bram -bram 0X0004 -cable 0 -total_dev 1 -cur_dev 1"
KIT-1001 : Read back data from BRAM 0X0004 successfully.
RUN-1002 : start command "rdbk_bram -bram 0X0005 -cable 0 -total_dev 1 -cur_dev 1"
KIT-1001 : Read back data from BRAM 0X0005 successfully.
RUN-1002 : start command "rdbk_bram -bram 0X0006 -cable 0 -total_dev 1 -cur_dev 1"
KIT-1001 : Read back data from BRAM 0X0006 successfully.
RUN-1002 : start command "rdbk_bram -bram 0X0007 -cable 0 -total_dev 1 -cur_dev 1"
KIT-1001 : Read back data from BRAM 0X0007 successfully.
RUN-1002 : start command "rdbk_bram -bram 0X0008 -cable 0 -total_dev 1 -cur_dev 1"
KIT-1001 : Read back data from BRAM 0X0008 successfully.
RUN-1002 : start command "rdbk_bram -bram 0X0009 -cable 0 -total_dev 1 -cur_dev 1"
KIT-1001 : Read back data from BRAM 0X0009 successfully.
RUN-1002 : start command "rdbk_bram -bram 0X000A -cable 0 -total_dev 1 -cur_dev 1"
KIT-1001 : Read back data from BRAM 0X000A successfully.
RUN-1002 : start command "rdbk_bram -bram 0X000B -cable 0 -total_dev 1 -cur_dev 1"
KIT-1001 : Read back data from BRAM 0X000B successfully.
RUN-1002 : start command "rdbk_bram -bram 0X000C -cable 0 -total_dev 1 -cur_dev 1"
KIT-1001 : Read back data from BRAM 0X000C successfully.
RUN-1002 : start command "rdbk_bram -bram 0X000D -cable 0 -total_dev 1 -cur_dev 1"
KIT-1001 : Read back data from BRAM 0X000D successfully.
SYN-2541 : Attrs-to-init for 10 logic bram(s)
SYN-2541 : Reading sub[0] auto_chipwatcher_0_logicbram_syn_1
SYN-2541 : Reading sub[1] auto_chipwatcher_0_logicbram_syn_11
SYN-2541 : Reading sub[2] auto_chipwatcher_0_logicbram_syn_21
SYN-2541 : Reading sub[3] auto_chipwatcher_0_logicbram_syn_31
SYN-2541 : Reading sub[4] auto_chipwatcher_0_logicbram_syn_41
SYN-2541 : Reading sub[5] auto_chipwatcher_0_logicbram_syn_51
SYN-2541 : Reading sub[6] auto_chipwatcher_0_logicbram_syn_61
SYN-2541 : Reading sub[7] auto_chipwatcher_0_logicbram_syn_71
SYN-2541 : Reading sub[8] auto_chipwatcher_0_logicbram_syn_81
SYN-2541 : Reading sub[9] auto_chipwatcher_0_logicbram_syn_83
KIT-1004 : ChipWatcher: write ctrl reg value: 0001110101110101110101110110111111100000000010000000000000000000
KIT-1004 : ChipWatcher: write ctrl reg value: 0000000000000000000000000000000000000000000000000000000000000000
KIT-1004 : ChipWatcher: write ctrl reg value: 0001110101110101110101110110111111100000000010000000000000000001
KIT-1004 : ChipWatcher: the value of status register = 010001011101111000
KIT-1004 : ChipWatcher: the value of status register = 110000010100001011
RUN-1002 : start command "rdbk_bram -bram 0X0004 -cable 0 -total_dev 1 -cur_dev 1"
KIT-1001 : Read back data from BRAM 0X0004 successfully.
RUN-1002 : start command "rdbk_bram -bram 0X0005 -cable 0 -total_dev 1 -cur_dev 1"
KIT-1001 : Read back data from BRAM 0X0005 successfully.
RUN-1002 : start command "rdbk_bram -bram 0X0006 -cable 0 -total_dev 1 -cur_dev 1"
KIT-1001 : Read back data from BRAM 0X0006 successfully.
RUN-1002 : start command "rdbk_bram -bram 0X0007 -cable 0 -total_dev 1 -cur_dev 1"
KIT-1001 : Read back data from BRAM 0X0007 successfully.
RUN-1002 : start command "rdbk_bram -bram 0X0008 -cable 0 -total_dev 1 -cur_dev 1"
KIT-1001 : Read back data from BRAM 0X0008 successfully.
RUN-1002 : start command "rdbk_bram -bram 0X0009 -cable 0 -total_dev 1 -cur_dev 1"
KIT-1001 : Read back data from BRAM 0X0009 successfully.
RUN-1002 : start command "rdbk_bram -bram 0X000A -cable 0 -total_dev 1 -cur_dev 1"
KIT-1001 : Read back data from BRAM 0X000A successfully.
RUN-1002 : start command "rdbk_bram -bram 0X000B -cable 0 -total_dev 1 -cur_dev 1"
KIT-1001 : Read back data from BRAM 0X000B successfully.
RUN-1002 : start command "rdbk_bram -bram 0X000C -cable 0 -total_dev 1 -cur_dev 1"
KIT-1001 : Read back data from BRAM 0X000C successfully.
RUN-1002 : start command "rdbk_bram -bram 0X000D -cable 0 -total_dev 1 -cur_dev 1"
KIT-1001 : Read back data from BRAM 0X000D successfully.
SYN-2541 : Attrs-to-init for 10 logic bram(s)
SYN-2541 : Reading sub[0] auto_chipwatcher_0_logicbram_syn_1
SYN-2541 : Reading sub[1] auto_chipwatcher_0_logicbram_syn_11
SYN-2541 : Reading sub[2] auto_chipwatcher_0_logicbram_syn_21
SYN-2541 : Reading sub[3] auto_chipwatcher_0_logicbram_syn_31
SYN-2541 : Reading sub[4] auto_chipwatcher_0_logicbram_syn_41
SYN-2541 : Reading sub[5] auto_chipwatcher_0_logicbram_syn_51
SYN-2541 : Reading sub[6] auto_chipwatcher_0_logicbram_syn_61
SYN-2541 : Reading sub[7] auto_chipwatcher_0_logicbram_syn_71
SYN-2541 : Reading sub[8] auto_chipwatcher_0_logicbram_syn_81
SYN-2541 : Reading sub[9] auto_chipwatcher_0_logicbram_syn_83
KIT-1004 : ChipWatcher: write ctrl reg value: 0001110101110101110101110110111111100000000010000000000000000000
PRG-1000 : <!-- HMAC is: e55a37ce0a24eb14f650295c36e9c18d4b8dae22ea12018ed67d00c37e92d5aa -->
RUN-1001 : reset_run syn_1 phy_1.
GUI-6001 WARNING: File C:/Users/lkin/Desktop/DaChuang/Code/td_prj/DaChuang_Runs/phy_1/DaChuang.bit does not exist!
RUN-1001 : launch_runs syn_1 phy_1  -jobs 6.
RUN-1001 : syn_1: run complete.
RUN-1001 : phy_1: run complete.
RUN-1001 : open_run phy_1.
RUN-1002 : start command "import_db C:/Users/lkin/Desktop/DaChuang/Code/td_prj/DaChuang_Runs/phy_1/DaChuang_pr.db"
RUN-1001 : Importing database generated by Tang Dynasty, V5.6.71036.
RUN-1001 : Database version number 46146.
RUN-1001 : Import flow parameters
PHY-1001 : Generate detailed routing grids ...
PHY-1001 : Generate nets ...
PHY-1001 : net clk_dup_3 will be routed on clock mesh
PHY-1001 : clock net config_inst_syn_10 will be merged with clock config_inst_syn_9
PHY-1001 : eco open net = 0
PHY-1001 : 3 feed throughs used by 2 nets
RUN-1001 : Import IO constraints
RUN-1001 : Import Inst constraints
RUN-1001 : Import ChipWatcher
RUN-1001 : Import design success TD_VERSION=5.6.71036 , DB_VERSION=46146
RUN-1003 : finish command "import_db C:/Users/lkin/Desktop/DaChuang/Code/td_prj/DaChuang_Runs/phy_1/DaChuang_pr.db" in  1.411327s wall, 0.593750s user + 0.000000s system = 0.593750s CPU (42.1%)

RUN-1004 : used memory is 686 MB, reserved memory is 758 MB, peak memory is 928 MB
RUN-1002 : start command "config_chipwatcher -sync DaChuang.cwc -dir "
KIT-1004 : ChipWatcher: import watcher inst auto_chipwatcher_0 completed, there are 7 view nodes, 13 trigger nets, 13 data nets.
GUI-1001 : Import DaChuang.cwc success!
RUN-1002 : start command "download -bit DaChuang_Runs/phy_1/DaChuang.bit -mode jtag_burst -spd 7 -cable 0 -total_dev 1 -cur_dev 1"
PRG-2014 : Chip validation success: EAGLE_S20_BG256
RUN-1002 : start command "bit_to_vec -chip EAGLE_S20_BG256 -m jtag_burst -freq 4 -bit DaChuang_Runs/phy_1/DaChuang.bit"
RUN-1002 : start command "program -cable 0 -mode svf -spd 7 -p"
RUN-1003 : finish command "program -cable 0 -mode svf -spd 7 -p" in  6.414905s wall, 0.046875s user + 0.015625s system = 0.062500s CPU (1.0%)

RUN-1004 : used memory is 694 MB, reserved memory is 767 MB, peak memory is 928 MB
RUN-1003 : finish command "download -bit DaChuang_Runs/phy_1/DaChuang.bit -mode jtag_burst -spd 7 -cable 0 -total_dev 1 -cur_dev 1" in  6.610182s wall, 0.109375s user + 0.015625s system = 0.125000s CPU (1.9%)

RUN-1004 : used memory is 694 MB, reserved memory is 767 MB, peak memory is 928 MB
GUI-1001 : Downloading succeeded!
KIT-1004 : ChipWatcher: write ctrl reg value: 00000000000000000000000000000000000000000000000000000000000000000000000000000000
KIT-1004 : ChipWatcher: write ctrl reg value: 00011101011101011101011101011101101111111000000001011100100000000000000000010000
KIT-1004 : ChipWatcher: the value of status register = 010001011110100100
KIT-1004 : ChipWatcher: the value of status register = 110001101110100110
RUN-1002 : start command "rdbk_bram -bram 0X0004 -cable 0 -total_dev 1 -cur_dev 1"
KIT-1001 : Read back data from BRAM 0X0004 successfully.
RUN-1002 : start command "rdbk_bram -bram 0X0005 -cable 0 -total_dev 1 -cur_dev 1"
KIT-1001 : Read back data from BRAM 0X0005 successfully.
RUN-1002 : start command "rdbk_bram -bram 0X0006 -cable 0 -total_dev 1 -cur_dev 1"
KIT-1001 : Read back data from BRAM 0X0006 successfully.
RUN-1002 : start command "rdbk_bram -bram 0X0007 -cable 0 -total_dev 1 -cur_dev 1"
KIT-1001 : Read back data from BRAM 0X0007 successfully.
RUN-1002 : start command "rdbk_bram -bram 0X0008 -cable 0 -total_dev 1 -cur_dev 1"
KIT-1001 : Read back data from BRAM 0X0008 successfully.
RUN-1002 : start command "rdbk_bram -bram 0X0009 -cable 0 -total_dev 1 -cur_dev 1"
KIT-1001 : Read back data from BRAM 0X0009 successfully.
RUN-1002 : start command "rdbk_bram -bram 0X000A -cable 0 -total_dev 1 -cur_dev 1"
KIT-1001 : Read back data from BRAM 0X000A successfully.
RUN-1002 : start command "rdbk_bram -bram 0X000B -cable 0 -total_dev 1 -cur_dev 1"
KIT-1001 : Read back data from BRAM 0X000B successfully.
RUN-1002 : start command "rdbk_bram -bram 0X000C -cable 0 -total_dev 1 -cur_dev 1"
KIT-1001 : Read back data from BRAM 0X000C successfully.
RUN-1002 : start command "rdbk_bram -bram 0X000D -cable 0 -total_dev 1 -cur_dev 1"
KIT-1001 : Read back data from BRAM 0X000D successfully.
RUN-1002 : start command "rdbk_bram -bram 0X000E -cable 0 -total_dev 1 -cur_dev 1"
KIT-1001 : Read back data from BRAM 0X000E successfully.
RUN-1002 : start command "rdbk_bram -bram 0X000F -cable 0 -total_dev 1 -cur_dev 1"
KIT-1001 : Read back data from BRAM 0X000F successfully.
SYN-2541 : Attrs-to-init for 12 logic bram(s)
SYN-2541 : Reading sub[0] auto_chipwatcher_0_logicbram_syn_1
SYN-2541 : Reading sub[1] auto_chipwatcher_0_logicbram_syn_11
SYN-2541 : Reading sub[2] auto_chipwatcher_0_logicbram_syn_21
SYN-2541 : Reading sub[3] auto_chipwatcher_0_logicbram_syn_31
SYN-2541 : Reading sub[4] auto_chipwatcher_0_logicbram_syn_41
SYN-2541 : Reading sub[5] auto_chipwatcher_0_logicbram_syn_51
SYN-2541 : Reading sub[6] auto_chipwatcher_0_logicbram_syn_61
SYN-2541 : Reading sub[7] auto_chipwatcher_0_logicbram_syn_71
SYN-2541 : Reading sub[8] auto_chipwatcher_0_logicbram_syn_81
SYN-2541 : Reading sub[9] auto_chipwatcher_0_logicbram_syn_83
SYN-2541 : Reading sub[10] auto_chipwatcher_0_logicbram_syn_85
SYN-2541 : Reading sub[11] auto_chipwatcher_0_logicbram_syn_87
KIT-1004 : ChipWatcher: write ctrl reg value: 00011101011101011101011101011101101111111000000001011100100000000000000000000000
KIT-1004 : ChipWatcher: write ctrl reg value: 00000000000000000000000000000000000000000000000000000000000000000000000000000000
KIT-1004 : ChipWatcher: write ctrl reg value: 00011101011101011101011101011101101111111000000001011100100000000000000000010000
KIT-1004 : ChipWatcher: the value of status register = 110001000010001100
RUN-1002 : start command "rdbk_bram -bram 0X0004 -cable 0 -total_dev 1 -cur_dev 1"
KIT-1001 : Read back data from BRAM 0X0004 successfully.
RUN-1002 : start command "rdbk_bram -bram 0X0005 -cable 0 -total_dev 1 -cur_dev 1"
KIT-1001 : Read back data from BRAM 0X0005 successfully.
RUN-1002 : start command "rdbk_bram -bram 0X0006 -cable 0 -total_dev 1 -cur_dev 1"
KIT-1001 : Read back data from BRAM 0X0006 successfully.
RUN-1002 : start command "rdbk_bram -bram 0X0007 -cable 0 -total_dev 1 -cur_dev 1"
KIT-1001 : Read back data from BRAM 0X0007 successfully.
RUN-1002 : start command "rdbk_bram -bram 0X0008 -cable 0 -total_dev 1 -cur_dev 1"
KIT-1001 : Read back data from BRAM 0X0008 successfully.
RUN-1002 : start command "rdbk_bram -bram 0X0009 -cable 0 -total_dev 1 -cur_dev 1"
KIT-1001 : Read back data from BRAM 0X0009 successfully.
RUN-1002 : start command "rdbk_bram -bram 0X000A -cable 0 -total_dev 1 -cur_dev 1"
KIT-1001 : Read back data from BRAM 0X000A successfully.
RUN-1002 : start command "rdbk_bram -bram 0X000B -cable 0 -total_dev 1 -cur_dev 1"
KIT-1001 : Read back data from BRAM 0X000B successfully.
RUN-1002 : start command "rdbk_bram -bram 0X000C -cable 0 -total_dev 1 -cur_dev 1"
KIT-1001 : Read back data from BRAM 0X000C successfully.
RUN-1002 : start command "rdbk_bram -bram 0X000D -cable 0 -total_dev 1 -cur_dev 1"
KIT-1001 : Read back data from BRAM 0X000D successfully.
RUN-1002 : start command "rdbk_bram -bram 0X000E -cable 0 -total_dev 1 -cur_dev 1"
KIT-1001 : Read back data from BRAM 0X000E successfully.
RUN-1002 : start command "rdbk_bram -bram 0X000F -cable 0 -total_dev 1 -cur_dev 1"
KIT-1001 : Read back data from BRAM 0X000F successfully.
SYN-2541 : Attrs-to-init for 12 logic bram(s)
SYN-2541 : Reading sub[0] auto_chipwatcher_0_logicbram_syn_1
SYN-2541 : Reading sub[1] auto_chipwatcher_0_logicbram_syn_11
SYN-2541 : Reading sub[2] auto_chipwatcher_0_logicbram_syn_21
SYN-2541 : Reading sub[3] auto_chipwatcher_0_logicbram_syn_31
SYN-2541 : Reading sub[4] auto_chipwatcher_0_logicbram_syn_41
SYN-2541 : Reading sub[5] auto_chipwatcher_0_logicbram_syn_51
SYN-2541 : Reading sub[6] auto_chipwatcher_0_logicbram_syn_61
SYN-2541 : Reading sub[7] auto_chipwatcher_0_logicbram_syn_71
SYN-2541 : Reading sub[8] auto_chipwatcher_0_logicbram_syn_81
SYN-2541 : Reading sub[9] auto_chipwatcher_0_logicbram_syn_83
SYN-2541 : Reading sub[10] auto_chipwatcher_0_logicbram_syn_85
SYN-2541 : Reading sub[11] auto_chipwatcher_0_logicbram_syn_87
KIT-1004 : ChipWatcher: write ctrl reg value: 00011101011101011101011101011101101111111000000001011100100000000000000000000000
HDL-1007 : analyze verilog file ../rtl/HC_SR04.v
GUI-1001 : Delete uart_data_tx[6:0] successfully
PRG-1000 : <!-- HMAC is: e5df8afbd4218f7f2904333516bd56155b332d560e8cbc7d71879517d341eae8 -->
RUN-1001 : reset_run syn_1 phy_1.
GUI-6001 WARNING: File C:/Users/lkin/Desktop/DaChuang/Code/td_prj/DaChuang_Runs/phy_1/DaChuang.bit does not exist!
RUN-1001 : launch_runs syn_1 phy_1  -jobs 6.
RUN-1001 : syn_1: run complete.
RUN-1001 : phy_1: run complete.
RUN-1001 : open_run phy_1.
RUN-1002 : start command "import_db C:/Users/lkin/Desktop/DaChuang/Code/td_prj/DaChuang_Runs/phy_1/DaChuang_pr.db"
RUN-1001 : Importing database generated by Tang Dynasty, V5.6.71036.
RUN-1001 : Database version number 46146.
RUN-1001 : Import flow parameters
PHY-1001 : Generate detailed routing grids ...
PHY-1001 : Generate nets ...
PHY-1001 : net clk_dup_3 will be routed on clock mesh
PHY-1001 : clock net config_inst_syn_10 will be merged with clock config_inst_syn_9
PHY-1001 : eco open net = 0
PHY-1001 : 4 feed throughs used by 4 nets
RUN-1001 : Import IO constraints
RUN-1001 : Import Inst constraints
RUN-1001 : Import ChipWatcher
RUN-1001 : Import design success TD_VERSION=5.6.71036 , DB_VERSION=46146
RUN-1003 : finish command "import_db C:/Users/lkin/Desktop/DaChuang/Code/td_prj/DaChuang_Runs/phy_1/DaChuang_pr.db" in  1.330535s wall, 0.875000s user + 0.000000s system = 0.875000s CPU (65.8%)

RUN-1004 : used memory is 697 MB, reserved memory is 769 MB, peak memory is 928 MB
RUN-1002 : start command "config_chipwatcher -sync DaChuang.cwc -dir "
KIT-1004 : ChipWatcher: import watcher inst auto_chipwatcher_0 completed, there are 6 view nodes, 6 trigger nets, 6 data nets.
GUI-1001 : Import DaChuang.cwc success!
RUN-1002 : start command "download -bit DaChuang_Runs/phy_1/DaChuang.bit -mode jtag_burst -spd 7 -cable 0 -total_dev 1 -cur_dev 1"
PRG-2014 : Chip validation success: EAGLE_S20_BG256
RUN-1002 : start command "bit_to_vec -chip EAGLE_S20_BG256 -m jtag_burst -freq 4 -bit DaChuang_Runs/phy_1/DaChuang.bit"
RUN-1002 : start command "program -cable 0 -mode svf -spd 7 -p"
RUN-1003 : finish command "program -cable 0 -mode svf -spd 7 -p" in  6.352082s wall, 0.031250s user + 0.078125s system = 0.109375s CPU (1.7%)

RUN-1004 : used memory is 703 MB, reserved memory is 775 MB, peak memory is 928 MB
RUN-1003 : finish command "download -bit DaChuang_Runs/phy_1/DaChuang.bit -mode jtag_burst -spd 7 -cable 0 -total_dev 1 -cur_dev 1" in  6.550713s wall, 0.062500s user + 0.078125s system = 0.140625s CPU (2.1%)

RUN-1004 : used memory is 703 MB, reserved memory is 775 MB, peak memory is 928 MB
GUI-1001 : Downloading succeeded!
KIT-1004 : ChipWatcher: write ctrl reg value: 0000000000000000000000000000000000000000000000000000000000000000
KIT-1004 : ChipWatcher: write ctrl reg value: 0001110101110101110101110101110101110010000000000000000001000000
KIT-1004 : ChipWatcher: the value of status register = 110001100111100010
RUN-1002 : start command "rdbk_bram -bram 0X0004 -cable 0 -total_dev 1 -cur_dev 1"
KIT-1001 : Read back data from BRAM 0X0004 successfully.
RUN-1002 : start command "rdbk_bram -bram 0X0005 -cable 0 -total_dev 1 -cur_dev 1"
KIT-1001 : Read back data from BRAM 0X0005 successfully.
RUN-1002 : start command "rdbk_bram -bram 0X0006 -cable 0 -total_dev 1 -cur_dev 1"
KIT-1001 : Read back data from BRAM 0X0006 successfully.
RUN-1002 : start command "rdbk_bram -bram 0X0007 -cable 0 -total_dev 1 -cur_dev 1"
KIT-1001 : Read back data from BRAM 0X0007 successfully.
RUN-1002 : start command "rdbk_bram -bram 0X0008 -cable 0 -total_dev 1 -cur_dev 1"
KIT-1001 : Read back data from BRAM 0X0008 successfully.
RUN-1002 : start command "rdbk_bram -bram 0X0009 -cable 0 -total_dev 1 -cur_dev 1"
KIT-1001 : Read back data from BRAM 0X0009 successfully.
SYN-2541 : Attrs-to-init for 6 logic bram(s)
SYN-2541 : Reading sub[0] auto_chipwatcher_0_logicbram_syn_1
SYN-2541 : Reading sub[1] auto_chipwatcher_0_logicbram_syn_3
SYN-2541 : Reading sub[2] auto_chipwatcher_0_logicbram_syn_5
SYN-2541 : Reading sub[3] auto_chipwatcher_0_logicbram_syn_7
SYN-2541 : Reading sub[4] auto_chipwatcher_0_logicbram_syn_9
SYN-2541 : Reading sub[5] auto_chipwatcher_0_logicbram_syn_11
KIT-1004 : ChipWatcher: write ctrl reg value: 0001110101110101110101110101110101110010000000000000000000000000
PRG-1000 : <!-- HMAC is: 3ab166c53126c2cf9513a11e8909c04601432abb804f2c6769f7d18a86d035db -->
RUN-1001 : reset_run syn_1 phy_1.
GUI-6001 WARNING: File C:/Users/lkin/Desktop/DaChuang/Code/td_prj/DaChuang_Runs/phy_1/DaChuang.bit does not exist!
RUN-1001 : launch_runs syn_1 phy_1  -jobs 6.
RUN-1001 : syn_1: run complete.
RUN-1001 : phy_1: run complete.
RUN-1001 : open_run phy_1.
RUN-1002 : start command "import_db C:/Users/lkin/Desktop/DaChuang/Code/td_prj/DaChuang_Runs/phy_1/DaChuang_pr.db"
RUN-1001 : Importing database generated by Tang Dynasty, V5.6.71036.
RUN-1001 : Database version number 46146.
RUN-1001 : Import flow parameters
PHY-1001 : Generate detailed routing grids ...
PHY-1001 : Generate nets ...
PHY-1001 : net clk_dup_3 will be routed on clock mesh
PHY-1001 : clock net config_inst_syn_10 will be merged with clock config_inst_syn_9
PHY-1001 : eco open net = 0
PHY-1001 : 8 feed throughs used by 8 nets
RUN-1001 : Import IO constraints
RUN-1001 : Import Inst constraints
RUN-1001 : Import ChipWatcher
RUN-1001 : Import design success TD_VERSION=5.6.71036 , DB_VERSION=46146
RUN-1003 : finish command "import_db C:/Users/lkin/Desktop/DaChuang/Code/td_prj/DaChuang_Runs/phy_1/DaChuang_pr.db" in  1.412062s wall, 0.250000s user + 0.031250s system = 0.281250s CPU (19.9%)

RUN-1004 : used memory is 690 MB, reserved memory is 761 MB, peak memory is 928 MB
RUN-1002 : start command "config_chipwatcher -sync DaChuang.cwc -dir "
KIT-1004 : ChipWatcher: import watcher inst auto_chipwatcher_0 completed, there are 7 view nodes, 14 trigger nets, 14 data nets.
GUI-1001 : Import DaChuang.cwc success!
RUN-1002 : start command "download -bit DaChuang_Runs/phy_1/DaChuang.bit -mode jtag_burst -spd 7 -cable 0 -total_dev 1 -cur_dev 1"
PRG-2014 : Chip validation success: EAGLE_S20_BG256
RUN-1002 : start command "bit_to_vec -chip EAGLE_S20_BG256 -m jtag_burst -freq 4 -bit DaChuang_Runs/phy_1/DaChuang.bit"
RUN-1002 : start command "program -cable 0 -mode svf -spd 7 -p"
RUN-1003 : finish command "program -cable 0 -mode svf -spd 7 -p" in  6.424496s wall, 0.093750s user + 0.156250s system = 0.250000s CPU (3.9%)

RUN-1004 : used memory is 688 MB, reserved memory is 758 MB, peak memory is 928 MB
RUN-1003 : finish command "download -bit DaChuang_Runs/phy_1/DaChuang.bit -mode jtag_burst -spd 7 -cable 0 -total_dev 1 -cur_dev 1" in  6.619708s wall, 0.125000s user + 0.156250s system = 0.281250s CPU (4.2%)

RUN-1004 : used memory is 688 MB, reserved memory is 758 MB, peak memory is 928 MB
GUI-1001 : Downloading succeeded!
KIT-1004 : ChipWatcher: write ctrl reg value: 00000000000000000000000000000000000000000000000000000000000000000000000000000000
KIT-1004 : ChipWatcher: write ctrl reg value: 00011101011101011101011101011101101111111100000000010111001000000000000000000100
KIT-1004 : ChipWatcher: the value of status register = 010000001111110010
KIT-1004 : ChipWatcher: the value of status register = 110001001001001101
RUN-1002 : start command "rdbk_bram -bram 0X0004 -cable 0 -total_dev 1 -cur_dev 1"
KIT-1001 : Read back data from BRAM 0X0004 successfully.
RUN-1002 : start command "rdbk_bram -bram 0X0005 -cable 0 -total_dev 1 -cur_dev 1"
KIT-1001 : Read back data from BRAM 0X0005 successfully.
RUN-1002 : start command "rdbk_bram -bram 0X0006 -cable 0 -total_dev 1 -cur_dev 1"
KIT-1001 : Read back data from BRAM 0X0006 successfully.
RUN-1002 : start command "rdbk_bram -bram 0X0007 -cable 0 -total_dev 1 -cur_dev 1"
KIT-1001 : Read back data from BRAM 0X0007 successfully.
RUN-1002 : start command "rdbk_bram -bram 0X0008 -cable 0 -total_dev 1 -cur_dev 1"
KIT-1001 : Read back data from BRAM 0X0008 successfully.
RUN-1002 : start command "rdbk_bram -bram 0X0009 -cable 0 -total_dev 1 -cur_dev 1"
KIT-1001 : Read back data from BRAM 0X0009 successfully.
RUN-1002 : start command "rdbk_bram -bram 0X000A -cable 0 -total_dev 1 -cur_dev 1"
KIT-1001 : Read back data from BRAM 0X000A successfully.
RUN-1002 : start command "rdbk_bram -bram 0X000B -cable 0 -total_dev 1 -cur_dev 1"
KIT-1001 : Read back data from BRAM 0X000B successfully.
RUN-1002 : start command "rdbk_bram -bram 0X000C -cable 0 -total_dev 1 -cur_dev 1"
KIT-1001 : Read back data from BRAM 0X000C successfully.
RUN-1002 : start command "rdbk_bram -bram 0X000D -cable 0 -total_dev 1 -cur_dev 1"
KIT-1001 : Read back data from BRAM 0X000D successfully.
RUN-1002 : start command "rdbk_bram -bram 0X000E -cable 0 -total_dev 1 -cur_dev 1"
KIT-1001 : Read back data from BRAM 0X000E successfully.
RUN-1002 : start command "rdbk_bram -bram 0X000F -cable 0 -total_dev 1 -cur_dev 1"
KIT-1001 : Read back data from BRAM 0X000F successfully.
RUN-1002 : start command "rdbk_bram -bram 0X0010 -cable 0 -total_dev 1 -cur_dev 1"
KIT-1001 : Read back data from BRAM 0X0010 successfully.
SYN-2541 : Attrs-to-init for 13 logic bram(s)
SYN-2541 : Reading sub[0] auto_chipwatcher_0_logicbram_syn_1
SYN-2541 : Reading sub[1] auto_chipwatcher_0_logicbram_syn_11
SYN-2541 : Reading sub[2] auto_chipwatcher_0_logicbram_syn_21
SYN-2541 : Reading sub[3] auto_chipwatcher_0_logicbram_syn_31
SYN-2541 : Reading sub[4] auto_chipwatcher_0_logicbram_syn_41
SYN-2541 : Reading sub[5] auto_chipwatcher_0_logicbram_syn_51
SYN-2541 : Reading sub[6] auto_chipwatcher_0_logicbram_syn_61
SYN-2541 : Reading sub[7] auto_chipwatcher_0_logicbram_syn_71
SYN-2541 : Reading sub[8] auto_chipwatcher_0_logicbram_syn_81
SYN-2541 : Reading sub[9] auto_chipwatcher_0_logicbram_syn_83
SYN-2541 : Reading sub[10] auto_chipwatcher_0_logicbram_syn_85
SYN-2541 : Reading sub[11] auto_chipwatcher_0_logicbram_syn_87
SYN-2541 : Reading sub[12] auto_chipwatcher_0_logicbram_syn_89
KIT-1004 : ChipWatcher: write ctrl reg value: 00011101011101011101011101011101101111111100000000010111001000000000000000000000
KIT-1004 : ChipWatcher: write ctrl reg value: 00000000000000000000000000000000000000000000000000000000000000000000000000000000
KIT-1004 : ChipWatcher: write ctrl reg value: 00011101011101011101011101011101101111111100000000010111001000000000000000000100
KIT-1004 : ChipWatcher: the value of status register = 110001110001010111
RUN-1002 : start command "rdbk_bram -bram 0X0004 -cable 0 -total_dev 1 -cur_dev 1"
KIT-1001 : Read back data from BRAM 0X0004 successfully.
RUN-1002 : start command "rdbk_bram -bram 0X0005 -cable 0 -total_dev 1 -cur_dev 1"
KIT-1001 : Read back data from BRAM 0X0005 successfully.
RUN-1002 : start command "rdbk_bram -bram 0X0006 -cable 0 -total_dev 1 -cur_dev 1"
KIT-1001 : Read back data from BRAM 0X0006 successfully.
RUN-1002 : start command "rdbk_bram -bram 0X0007 -cable 0 -total_dev 1 -cur_dev 1"
KIT-1001 : Read back data from BRAM 0X0007 successfully.
RUN-1002 : start command "rdbk_bram -bram 0X0008 -cable 0 -total_dev 1 -cur_dev 1"
KIT-1001 : Read back data from BRAM 0X0008 successfully.
RUN-1002 : start command "rdbk_bram -bram 0X0009 -cable 0 -total_dev 1 -cur_dev 1"
KIT-1001 : Read back data from BRAM 0X0009 successfully.
RUN-1002 : start command "rdbk_bram -bram 0X000A -cable 0 -total_dev 1 -cur_dev 1"
KIT-1001 : Read back data from BRAM 0X000A successfully.
RUN-1002 : start command "rdbk_bram -bram 0X000B -cable 0 -total_dev 1 -cur_dev 1"
KIT-1001 : Read back data from BRAM 0X000B successfully.
RUN-1002 : start command "rdbk_bram -bram 0X000C -cable 0 -total_dev 1 -cur_dev 1"
KIT-1001 : Read back data from BRAM 0X000C successfully.
RUN-1002 : start command "rdbk_bram -bram 0X000D -cable 0 -total_dev 1 -cur_dev 1"
KIT-1001 : Read back data from BRAM 0X000D successfully.
RUN-1002 : start command "rdbk_bram -bram 0X000E -cable 0 -total_dev 1 -cur_dev 1"
KIT-1001 : Read back data from BRAM 0X000E successfully.
RUN-1002 : start command "rdbk_bram -bram 0X000F -cable 0 -total_dev 1 -cur_dev 1"
KIT-1001 : Read back data from BRAM 0X000F successfully.
RUN-1002 : start command "rdbk_bram -bram 0X0010 -cable 0 -total_dev 1 -cur_dev 1"
KIT-1001 : Read back data from BRAM 0X0010 successfully.
SYN-2541 : Attrs-to-init for 13 logic bram(s)
SYN-2541 : Reading sub[0] auto_chipwatcher_0_logicbram_syn_1
SYN-2541 : Reading sub[1] auto_chipwatcher_0_logicbram_syn_11
SYN-2541 : Reading sub[2] auto_chipwatcher_0_logicbram_syn_21
SYN-2541 : Reading sub[3] auto_chipwatcher_0_logicbram_syn_31
SYN-2541 : Reading sub[4] auto_chipwatcher_0_logicbram_syn_41
SYN-2541 : Reading sub[5] auto_chipwatcher_0_logicbram_syn_51
SYN-2541 : Reading sub[6] auto_chipwatcher_0_logicbram_syn_61
SYN-2541 : Reading sub[7] auto_chipwatcher_0_logicbram_syn_71
SYN-2541 : Reading sub[8] auto_chipwatcher_0_logicbram_syn_81
SYN-2541 : Reading sub[9] auto_chipwatcher_0_logicbram_syn_83
SYN-2541 : Reading sub[10] auto_chipwatcher_0_logicbram_syn_85
SYN-2541 : Reading sub[11] auto_chipwatcher_0_logicbram_syn_87
SYN-2541 : Reading sub[12] auto_chipwatcher_0_logicbram_syn_89
KIT-1004 : ChipWatcher: write ctrl reg value: 00011101011101011101011101011101101111111100000000010111001000000000000000000000
KIT-1004 : ChipWatcher: write ctrl reg value: 00000000000000000000000000000000000000000000000000000000000000000000000000000000
KIT-1004 : ChipWatcher: write ctrl reg value: 00011101011101011101011101011101101111111100000000010111001000000000000000000100
KIT-1004 : ChipWatcher: the value of status register = 110000001110111000
RUN-1002 : start command "rdbk_bram -bram 0X0004 -cable 0 -total_dev 1 -cur_dev 1"
KIT-1001 : Read back data from BRAM 0X0004 successfully.
RUN-1002 : start command "rdbk_bram -bram 0X0005 -cable 0 -total_dev 1 -cur_dev 1"
KIT-1001 : Read back data from BRAM 0X0005 successfully.
RUN-1002 : start command "rdbk_bram -bram 0X0006 -cable 0 -total_dev 1 -cur_dev 1"
KIT-1001 : Read back data from BRAM 0X0006 successfully.
RUN-1002 : start command "rdbk_bram -bram 0X0007 -cable 0 -total_dev 1 -cur_dev 1"
KIT-1001 : Read back data from BRAM 0X0007 successfully.
RUN-1002 : start command "rdbk_bram -bram 0X0008 -cable 0 -total_dev 1 -cur_dev 1"
KIT-1001 : Read back data from BRAM 0X0008 successfully.
RUN-1002 : start command "rdbk_bram -bram 0X0009 -cable 0 -total_dev 1 -cur_dev 1"
KIT-1001 : Read back data from BRAM 0X0009 successfully.
RUN-1002 : start command "rdbk_bram -bram 0X000A -cable 0 -total_dev 1 -cur_dev 1"
KIT-1001 : Read back data from BRAM 0X000A successfully.
RUN-1002 : start command "rdbk_bram -bram 0X000B -cable 0 -total_dev 1 -cur_dev 1"
KIT-1001 : Read back data from BRAM 0X000B successfully.
RUN-1002 : start command "rdbk_bram -bram 0X000C -cable 0 -total_dev 1 -cur_dev 1"
KIT-1001 : Read back data from BRAM 0X000C successfully.
RUN-1002 : start command "rdbk_bram -bram 0X000D -cable 0 -total_dev 1 -cur_dev 1"
KIT-1001 : Read back data from BRAM 0X000D successfully.
RUN-1002 : start command "rdbk_bram -bram 0X000E -cable 0 -total_dev 1 -cur_dev 1"
KIT-1001 : Read back data from BRAM 0X000E successfully.
RUN-1002 : start command "rdbk_bram -bram 0X000F -cable 0 -total_dev 1 -cur_dev 1"
KIT-1001 : Read back data from BRAM 0X000F successfully.
RUN-1002 : start command "rdbk_bram -bram 0X0010 -cable 0 -total_dev 1 -cur_dev 1"
KIT-1001 : Read back data from BRAM 0X0010 successfully.
SYN-2541 : Attrs-to-init for 13 logic bram(s)
SYN-2541 : Reading sub[0] auto_chipwatcher_0_logicbram_syn_1
SYN-2541 : Reading sub[1] auto_chipwatcher_0_logicbram_syn_11
SYN-2541 : Reading sub[2] auto_chipwatcher_0_logicbram_syn_21
SYN-2541 : Reading sub[3] auto_chipwatcher_0_logicbram_syn_31
SYN-2541 : Reading sub[4] auto_chipwatcher_0_logicbram_syn_41
SYN-2541 : Reading sub[5] auto_chipwatcher_0_logicbram_syn_51
SYN-2541 : Reading sub[6] auto_chipwatcher_0_logicbram_syn_61
SYN-2541 : Reading sub[7] auto_chipwatcher_0_logicbram_syn_71
SYN-2541 : Reading sub[8] auto_chipwatcher_0_logicbram_syn_81
SYN-2541 : Reading sub[9] auto_chipwatcher_0_logicbram_syn_83
SYN-2541 : Reading sub[10] auto_chipwatcher_0_logicbram_syn_85
SYN-2541 : Reading sub[11] auto_chipwatcher_0_logicbram_syn_87
SYN-2541 : Reading sub[12] auto_chipwatcher_0_logicbram_syn_89
KIT-1004 : ChipWatcher: write ctrl reg value: 00011101011101011101011101011101101111111100000000010111001000000000000000000000
KIT-1004 : ChipWatcher: write ctrl reg value: 00000000000000000000000000000000000000000000000000000000000000000000000000000000
KIT-1004 : ChipWatcher: write ctrl reg value: 00011101011101011101011101011101101111111100000000010111001000000000000000000100
KIT-1004 : ChipWatcher: the value of status register = 110000100101110000
RUN-1002 : start command "rdbk_bram -bram 0X0004 -cable 0 -total_dev 1 -cur_dev 1"
KIT-1001 : Read back data from BRAM 0X0004 successfully.
RUN-1002 : start command "rdbk_bram -bram 0X0005 -cable 0 -total_dev 1 -cur_dev 1"
KIT-1001 : Read back data from BRAM 0X0005 successfully.
RUN-1002 : start command "rdbk_bram -bram 0X0006 -cable 0 -total_dev 1 -cur_dev 1"
KIT-1001 : Read back data from BRAM 0X0006 successfully.
RUN-1002 : start command "rdbk_bram -bram 0X0007 -cable 0 -total_dev 1 -cur_dev 1"
KIT-1001 : Read back data from BRAM 0X0007 successfully.
RUN-1002 : start command "rdbk_bram -bram 0X0008 -cable 0 -total_dev 1 -cur_dev 1"
KIT-1001 : Read back data from BRAM 0X0008 successfully.
RUN-1002 : start command "rdbk_bram -bram 0X0009 -cable 0 -total_dev 1 -cur_dev 1"
KIT-1001 : Read back data from BRAM 0X0009 successfully.
RUN-1002 : start command "rdbk_bram -bram 0X000A -cable 0 -total_dev 1 -cur_dev 1"
KIT-1001 : Read back data from BRAM 0X000A successfully.
RUN-1002 : start command "rdbk_bram -bram 0X000B -cable 0 -total_dev 1 -cur_dev 1"
KIT-1001 : Read back data from BRAM 0X000B successfully.
RUN-1002 : start command "rdbk_bram -bram 0X000C -cable 0 -total_dev 1 -cur_dev 1"
KIT-1001 : Read back data from BRAM 0X000C successfully.
RUN-1002 : start command "rdbk_bram -bram 0X000D -cable 0 -total_dev 1 -cur_dev 1"
KIT-1001 : Read back data from BRAM 0X000D successfully.
RUN-1002 : start command "rdbk_bram -bram 0X000E -cable 0 -total_dev 1 -cur_dev 1"
KIT-1001 : Read back data from BRAM 0X000E successfully.
RUN-1002 : start command "rdbk_bram -bram 0X000F -cable 0 -total_dev 1 -cur_dev 1"
KIT-1001 : Read back data from BRAM 0X000F successfully.
RUN-1002 : start command "rdbk_bram -bram 0X0010 -cable 0 -total_dev 1 -cur_dev 1"
KIT-1001 : Read back data from BRAM 0X0010 successfully.
SYN-2541 : Attrs-to-init for 13 logic bram(s)
SYN-2541 : Reading sub[0] auto_chipwatcher_0_logicbram_syn_1
SYN-2541 : Reading sub[1] auto_chipwatcher_0_logicbram_syn_11
SYN-2541 : Reading sub[2] auto_chipwatcher_0_logicbram_syn_21
SYN-2541 : Reading sub[3] auto_chipwatcher_0_logicbram_syn_31
SYN-2541 : Reading sub[4] auto_chipwatcher_0_logicbram_syn_41
SYN-2541 : Reading sub[5] auto_chipwatcher_0_logicbram_syn_51
SYN-2541 : Reading sub[6] auto_chipwatcher_0_logicbram_syn_61
SYN-2541 : Reading sub[7] auto_chipwatcher_0_logicbram_syn_71
SYN-2541 : Reading sub[8] auto_chipwatcher_0_logicbram_syn_81
SYN-2541 : Reading sub[9] auto_chipwatcher_0_logicbram_syn_83
SYN-2541 : Reading sub[10] auto_chipwatcher_0_logicbram_syn_85
SYN-2541 : Reading sub[11] auto_chipwatcher_0_logicbram_syn_87
SYN-2541 : Reading sub[12] auto_chipwatcher_0_logicbram_syn_89
KIT-1004 : ChipWatcher: write ctrl reg value: 00011101011101011101011101011101101111111100000000010111001000000000000000000000
KIT-1004 : ChipWatcher: write ctrl reg value: 00000000000000000000000000000000000000000000000000000000000000000000000000000000
KIT-1004 : ChipWatcher: write ctrl reg value: 00011101011101011101011101011101101111111100000000010111001000000000000000000100
KIT-1004 : ChipWatcher: the value of status register = 110000100101010100
RUN-1002 : start command "rdbk_bram -bram 0X0004 -cable 0 -total_dev 1 -cur_dev 1"
KIT-1001 : Read back data from BRAM 0X0004 successfully.
RUN-1002 : start command "rdbk_bram -bram 0X0005 -cable 0 -total_dev 1 -cur_dev 1"
KIT-1001 : Read back data from BRAM 0X0005 successfully.
RUN-1002 : start command "rdbk_bram -bram 0X0006 -cable 0 -total_dev 1 -cur_dev 1"
KIT-1001 : Read back data from BRAM 0X0006 successfully.
RUN-1002 : start command "rdbk_bram -bram 0X0007 -cable 0 -total_dev 1 -cur_dev 1"
KIT-1001 : Read back data from BRAM 0X0007 successfully.
RUN-1002 : start command "rdbk_bram -bram 0X0008 -cable 0 -total_dev 1 -cur_dev 1"
KIT-1001 : Read back data from BRAM 0X0008 successfully.
RUN-1002 : start command "rdbk_bram -bram 0X0009 -cable 0 -total_dev 1 -cur_dev 1"
KIT-1001 : Read back data from BRAM 0X0009 successfully.
RUN-1002 : start command "rdbk_bram -bram 0X000A -cable 0 -total_dev 1 -cur_dev 1"
KIT-1001 : Read back data from BRAM 0X000A successfully.
RUN-1002 : start command "rdbk_bram -bram 0X000B -cable 0 -total_dev 1 -cur_dev 1"
KIT-1001 : Read back data from BRAM 0X000B successfully.
RUN-1002 : start command "rdbk_bram -bram 0X000C -cable 0 -total_dev 1 -cur_dev 1"
KIT-1001 : Read back data from BRAM 0X000C successfully.
RUN-1002 : start command "rdbk_bram -bram 0X000D -cable 0 -total_dev 1 -cur_dev 1"
KIT-1001 : Read back data from BRAM 0X000D successfully.
RUN-1002 : start command "rdbk_bram -bram 0X000E -cable 0 -total_dev 1 -cur_dev 1"
KIT-1001 : Read back data from BRAM 0X000E successfully.
RUN-1002 : start command "rdbk_bram -bram 0X000F -cable 0 -total_dev 1 -cur_dev 1"
KIT-1001 : Read back data from BRAM 0X000F successfully.
RUN-1002 : start command "rdbk_bram -bram 0X0010 -cable 0 -total_dev 1 -cur_dev 1"
KIT-1001 : Read back data from BRAM 0X0010 successfully.
SYN-2541 : Attrs-to-init for 13 logic bram(s)
SYN-2541 : Reading sub[0] auto_chipwatcher_0_logicbram_syn_1
SYN-2541 : Reading sub[1] auto_chipwatcher_0_logicbram_syn_11
SYN-2541 : Reading sub[2] auto_chipwatcher_0_logicbram_syn_21
SYN-2541 : Reading sub[3] auto_chipwatcher_0_logicbram_syn_31
SYN-2541 : Reading sub[4] auto_chipwatcher_0_logicbram_syn_41
SYN-2541 : Reading sub[5] auto_chipwatcher_0_logicbram_syn_51
SYN-2541 : Reading sub[6] auto_chipwatcher_0_logicbram_syn_61
SYN-2541 : Reading sub[7] auto_chipwatcher_0_logicbram_syn_71
SYN-2541 : Reading sub[8] auto_chipwatcher_0_logicbram_syn_81
SYN-2541 : Reading sub[9] auto_chipwatcher_0_logicbram_syn_83
SYN-2541 : Reading sub[10] auto_chipwatcher_0_logicbram_syn_85
SYN-2541 : Reading sub[11] auto_chipwatcher_0_logicbram_syn_87
SYN-2541 : Reading sub[12] auto_chipwatcher_0_logicbram_syn_89
KIT-1004 : ChipWatcher: write ctrl reg value: 00011101011101011101011101011101101111111100000000010111001000000000000000000000
KIT-1004 : ChipWatcher: write ctrl reg value: 00000000000000000000000000000000000000000000000000000000000000000000000000000000
KIT-1004 : ChipWatcher: write ctrl reg value: 00011101011101011101011101011101101111111100000000010111001000000000000000000100
KIT-1004 : ChipWatcher: the value of status register = 110000001011011110
RUN-1002 : start command "rdbk_bram -bram 0X0004 -cable 0 -total_dev 1 -cur_dev 1"
KIT-1001 : Read back data from BRAM 0X0004 successfully.
RUN-1002 : start command "rdbk_bram -bram 0X0005 -cable 0 -total_dev 1 -cur_dev 1"
KIT-1001 : Read back data from BRAM 0X0005 successfully.
RUN-1002 : start command "rdbk_bram -bram 0X0006 -cable 0 -total_dev 1 -cur_dev 1"
KIT-1001 : Read back data from BRAM 0X0006 successfully.
RUN-1002 : start command "rdbk_bram -bram 0X0007 -cable 0 -total_dev 1 -cur_dev 1"
KIT-1001 : Read back data from BRAM 0X0007 successfully.
RUN-1002 : start command "rdbk_bram -bram 0X0008 -cable 0 -total_dev 1 -cur_dev 1"
KIT-1001 : Read back data from BRAM 0X0008 successfully.
RUN-1002 : start command "rdbk_bram -bram 0X0009 -cable 0 -total_dev 1 -cur_dev 1"
KIT-1001 : Read back data from BRAM 0X0009 successfully.
RUN-1002 : start command "rdbk_bram -bram 0X000A -cable 0 -total_dev 1 -cur_dev 1"
KIT-1001 : Read back data from BRAM 0X000A successfully.
RUN-1002 : start command "rdbk_bram -bram 0X000B -cable 0 -total_dev 1 -cur_dev 1"
KIT-1001 : Read back data from BRAM 0X000B successfully.
RUN-1002 : start command "rdbk_bram -bram 0X000C -cable 0 -total_dev 1 -cur_dev 1"
KIT-1001 : Read back data from BRAM 0X000C successfully.
RUN-1002 : start command "rdbk_bram -bram 0X000D -cable 0 -total_dev 1 -cur_dev 1"
KIT-1001 : Read back data from BRAM 0X000D successfully.
RUN-1002 : start command "rdbk_bram -bram 0X000E -cable 0 -total_dev 1 -cur_dev 1"
KIT-1001 : Read back data from BRAM 0X000E successfully.
RUN-1002 : start command "rdbk_bram -bram 0X000F -cable 0 -total_dev 1 -cur_dev 1"
KIT-1001 : Read back data from BRAM 0X000F successfully.
RUN-1002 : start command "rdbk_bram -bram 0X0010 -cable 0 -total_dev 1 -cur_dev 1"
KIT-1001 : Read back data from BRAM 0X0010 successfully.
SYN-2541 : Attrs-to-init for 13 logic bram(s)
SYN-2541 : Reading sub[0] auto_chipwatcher_0_logicbram_syn_1
SYN-2541 : Reading sub[1] auto_chipwatcher_0_logicbram_syn_11
SYN-2541 : Reading sub[2] auto_chipwatcher_0_logicbram_syn_21
SYN-2541 : Reading sub[3] auto_chipwatcher_0_logicbram_syn_31
SYN-2541 : Reading sub[4] auto_chipwatcher_0_logicbram_syn_41
SYN-2541 : Reading sub[5] auto_chipwatcher_0_logicbram_syn_51
SYN-2541 : Reading sub[6] auto_chipwatcher_0_logicbram_syn_61
SYN-2541 : Reading sub[7] auto_chipwatcher_0_logicbram_syn_71
SYN-2541 : Reading sub[8] auto_chipwatcher_0_logicbram_syn_81
SYN-2541 : Reading sub[9] auto_chipwatcher_0_logicbram_syn_83
SYN-2541 : Reading sub[10] auto_chipwatcher_0_logicbram_syn_85
SYN-2541 : Reading sub[11] auto_chipwatcher_0_logicbram_syn_87
SYN-2541 : Reading sub[12] auto_chipwatcher_0_logicbram_syn_89
KIT-1004 : ChipWatcher: write ctrl reg value: 00011101011101011101011101011101101111111100000000010111001000000000000000000000
PRG-1000 : <!-- HMAC is: d680fb139db02ac7104fa073c9d21471d2bf944ac3b6b976989a55cd9892a904 -->
RUN-1001 : reset_run syn_1 phy_1.
GUI-6001 WARNING: File C:/Users/lkin/Desktop/DaChuang/Code/td_prj/DaChuang_Runs/phy_1/DaChuang.bit does not exist!
RUN-1001 : launch_runs syn_1 phy_1  -jobs 6.
RUN-1001 : syn_1: run complete.
RUN-1001 : phy_1: run complete.
RUN-1001 : open_run phy_1.
RUN-1002 : start command "import_db C:/Users/lkin/Desktop/DaChuang/Code/td_prj/DaChuang_Runs/phy_1/DaChuang_pr.db"
RUN-1001 : Importing database generated by Tang Dynasty, V5.6.71036.
RUN-1001 : Database version number 46146.
RUN-1001 : Import flow parameters
PHY-1001 : Generate detailed routing grids ...
PHY-1001 : Generate nets ...
PHY-1001 : net clk_dup_3 will be routed on clock mesh
PHY-1001 : clock net config_inst_syn_10 will be merged with clock config_inst_syn_9
PHY-1001 : eco open net = 0
PHY-1001 : 6 feed throughs used by 6 nets
RUN-1001 : Import IO constraints
RUN-1001 : Import Inst constraints
RUN-1001 : Import ChipWatcher
RUN-1001 : Import design success TD_VERSION=5.6.71036 , DB_VERSION=46146
RUN-1003 : finish command "import_db C:/Users/lkin/Desktop/DaChuang/Code/td_prj/DaChuang_Runs/phy_1/DaChuang_pr.db" in  1.476829s wall, 0.593750s user + 0.000000s system = 0.593750s CPU (40.2%)

RUN-1004 : used memory is 650 MB, reserved memory is 763 MB, peak memory is 928 MB
RUN-1002 : start command "config_chipwatcher -sync DaChuang.cwc -dir "
KIT-1004 : ChipWatcher: import watcher inst auto_chipwatcher_0 completed, there are 8 view nodes, 17 trigger nets, 17 data nets.
GUI-1001 : Import DaChuang.cwc success!
RUN-1002 : start command "download -bit DaChuang_Runs/phy_1/DaChuang.bit -mode jtag_burst -spd 7 -cable 0 -total_dev 1 -cur_dev 1"
PRG-2014 : Chip validation success: EAGLE_S20_BG256
RUN-1002 : start command "bit_to_vec -chip EAGLE_S20_BG256 -m jtag_burst -freq 4 -bit DaChuang_Runs/phy_1/DaChuang.bit"
RUN-1002 : start command "program -cable 0 -mode svf -spd 7 -p"
RUN-1003 : finish command "program -cable 0 -mode svf -spd 7 -p" in  6.470396s wall, 0.031250s user + 0.000000s system = 0.031250s CPU (0.5%)

RUN-1004 : used memory is 658 MB, reserved memory is 771 MB, peak memory is 928 MB
RUN-1003 : finish command "download -bit DaChuang_Runs/phy_1/DaChuang.bit -mode jtag_burst -spd 7 -cable 0 -total_dev 1 -cur_dev 1" in  6.668832s wall, 0.046875s user + 0.000000s system = 0.046875s CPU (0.7%)

RUN-1004 : used memory is 658 MB, reserved memory is 771 MB, peak memory is 928 MB
GUI-1001 : Downloading succeeded!
KIT-1004 : ChipWatcher: write ctrl reg value: 0000000000000000000000000000000000000000000000000000000000000000000000000000000000000000
KIT-1004 : ChipWatcher: write ctrl reg value: 0001110101110101110101110101110110111111110000000001101110000101110010000000000000000001
KIT-1004 : ChipWatcher: the value of status register = 110000101110101001
RUN-1002 : start command "rdbk_bram -bram 0X0004 -cable 0 -total_dev 1 -cur_dev 1"
KIT-1001 : Read back data from BRAM 0X0004 successfully.
RUN-1002 : start command "rdbk_bram -bram 0X0005 -cable 0 -total_dev 1 -cur_dev 1"
KIT-1001 : Read back data from BRAM 0X0005 successfully.
RUN-1002 : start command "rdbk_bram -bram 0X0006 -cable 0 -total_dev 1 -cur_dev 1"
KIT-1001 : Read back data from BRAM 0X0006 successfully.
RUN-1002 : start command "rdbk_bram -bram 0X0007 -cable 0 -total_dev 1 -cur_dev 1"
KIT-1001 : Read back data from BRAM 0X0007 successfully.
RUN-1002 : start command "rdbk_bram -bram 0X0008 -cable 0 -total_dev 1 -cur_dev 1"
KIT-1001 : Read back data from BRAM 0X0008 successfully.
RUN-1002 : start command "rdbk_bram -bram 0X0009 -cable 0 -total_dev 1 -cur_dev 1"
KIT-1001 : Read back data from BRAM 0X0009 successfully.
RUN-1002 : start command "rdbk_bram -bram 0X000A -cable 0 -total_dev 1 -cur_dev 1"
KIT-1001 : Read back data from BRAM 0X000A successfully.
RUN-1002 : start command "rdbk_bram -bram 0X000B -cable 0 -total_dev 1 -cur_dev 1"
KIT-1001 : Read back data from BRAM 0X000B successfully.
RUN-1002 : start command "rdbk_bram -bram 0X000C -cable 0 -total_dev 1 -cur_dev 1"
KIT-1001 : Read back data from BRAM 0X000C successfully.
RUN-1002 : start command "rdbk_bram -bram 0X000D -cable 0 -total_dev 1 -cur_dev 1"
KIT-1001 : Read back data from BRAM 0X000D successfully.
RUN-1002 : start command "rdbk_bram -bram 0X000E -cable 0 -total_dev 1 -cur_dev 1"
KIT-1001 : Read back data from BRAM 0X000E successfully.
RUN-1002 : start command "rdbk_bram -bram 0X000F -cable 0 -total_dev 1 -cur_dev 1"
KIT-1001 : Read back data from BRAM 0X000F successfully.
RUN-1002 : start command "rdbk_bram -bram 0X0010 -cable 0 -total_dev 1 -cur_dev 1"
KIT-1001 : Read back data from BRAM 0X0010 successfully.
RUN-1002 : start command "rdbk_bram -bram 0X0011 -cable 0 -total_dev 1 -cur_dev 1"
KIT-1001 : Read back data from BRAM 0X0011 successfully.
RUN-1002 : start command "rdbk_bram -bram 0X0012 -cable 0 -total_dev 1 -cur_dev 1"
KIT-1001 : Read back data from BRAM 0X0012 successfully.
RUN-1002 : start command "rdbk_bram -bram 0X0013 -cable 0 -total_dev 1 -cur_dev 1"
KIT-1001 : Read back data from BRAM 0X0013 successfully.
SYN-2541 : Attrs-to-init for 16 logic bram(s)
SYN-2541 : Reading sub[0] auto_chipwatcher_0_logicbram_syn_1
SYN-2541 : Reading sub[1] auto_chipwatcher_0_logicbram_syn_11
SYN-2541 : Reading sub[2] auto_chipwatcher_0_logicbram_syn_21
SYN-2541 : Reading sub[3] auto_chipwatcher_0_logicbram_syn_31
SYN-2541 : Reading sub[4] auto_chipwatcher_0_logicbram_syn_41
SYN-2541 : Reading sub[5] auto_chipwatcher_0_logicbram_syn_51
SYN-2541 : Reading sub[6] auto_chipwatcher_0_logicbram_syn_61
SYN-2541 : Reading sub[7] auto_chipwatcher_0_logicbram_syn_71
SYN-2541 : Reading sub[8] auto_chipwatcher_0_logicbram_syn_81
SYN-2541 : Reading sub[9] auto_chipwatcher_0_logicbram_syn_83
SYN-2541 : Reading sub[10] auto_chipwatcher_0_logicbram_syn_85
SYN-2541 : Reading sub[11] auto_chipwatcher_0_logicbram_syn_87
SYN-2541 : Reading sub[12] auto_chipwatcher_0_logicbram_syn_89
SYN-2541 : Reading sub[13] auto_chipwatcher_0_logicbram_syn_91
SYN-2541 : Reading sub[14] auto_chipwatcher_0_logicbram_syn_93
SYN-2541 : Reading sub[15] auto_chipwatcher_0_logicbram_syn_95
KIT-1004 : ChipWatcher: write ctrl reg value: 0001110101110101110101110101110110111111110000000001101110000101110010000000000000000000
HDL-1007 : analyze verilog file ../rtl/HC_SR04.v
RUN-1001 : reset_run syn_1 phy_1.
GUI-6001 WARNING: File C:/Users/lkin/Desktop/DaChuang/Code/td_prj/DaChuang_Runs/phy_1/DaChuang.bit does not exist!
RUN-1001 : launch_runs syn_1 phy_1  -jobs 6.
RUN-1001 : syn_1: run complete.
RUN-1001 : phy_1: run complete.
RUN-1001 : open_run phy_1.
RUN-1002 : start command "import_db C:/Users/lkin/Desktop/DaChuang/Code/td_prj/DaChuang_Runs/phy_1/DaChuang_pr.db"
RUN-1001 : Importing database generated by Tang Dynasty, V5.6.71036.
RUN-1001 : Database version number 46146.
RUN-1001 : Import flow parameters
PHY-1001 : Generate detailed routing grids ...
PHY-1001 : Generate nets ...
PHY-1001 : net clk_dup_3 will be routed on clock mesh
PHY-1001 : clock net config_inst_syn_10 will be merged with clock config_inst_syn_9
PHY-1001 : eco open net = 0
PHY-1001 : 4 feed throughs used by 4 nets
RUN-1001 : Import IO constraints
RUN-1001 : Import Inst constraints
RUN-1001 : Import ChipWatcher
RUN-1001 : Import design success TD_VERSION=5.6.71036 , DB_VERSION=46146
RUN-1003 : finish command "import_db C:/Users/lkin/Desktop/DaChuang/Code/td_prj/DaChuang_Runs/phy_1/DaChuang_pr.db" in  1.631074s wall, 0.968750s user + 0.000000s system = 0.968750s CPU (59.4%)

RUN-1004 : used memory is 668 MB, reserved memory is 779 MB, peak memory is 928 MB
RUN-1002 : start command "config_chipwatcher -sync DaChuang.cwc -dir "
KIT-1004 : ChipWatcher: import watcher inst auto_chipwatcher_0 completed, there are 8 view nodes, 17 trigger nets, 17 data nets.
GUI-1001 : Import DaChuang.cwc success!
RUN-1002 : start command "download -bit DaChuang_Runs/phy_1/DaChuang.bit -mode jtag_burst -spd 7 -cable 0 -total_dev 1 -cur_dev 1"
PRG-2014 : Chip validation success: EAGLE_S20_BG256
RUN-1002 : start command "bit_to_vec -chip EAGLE_S20_BG256 -m jtag_burst -freq 4 -bit DaChuang_Runs/phy_1/DaChuang.bit"
RUN-1002 : start command "program -cable 0 -mode svf -spd 7 -p"
RUN-1003 : finish command "program -cable 0 -mode svf -spd 7 -p" in  6.468234s wall, 0.000000s user + 0.015625s system = 0.015625s CPU (0.2%)

RUN-1004 : used memory is 677 MB, reserved memory is 787 MB, peak memory is 928 MB
RUN-1003 : finish command "download -bit DaChuang_Runs/phy_1/DaChuang.bit -mode jtag_burst -spd 7 -cable 0 -total_dev 1 -cur_dev 1" in  6.666590s wall, 0.062500s user + 0.031250s system = 0.093750s CPU (1.4%)

RUN-1004 : used memory is 677 MB, reserved memory is 787 MB, peak memory is 928 MB
GUI-1001 : Downloading succeeded!
GUI-1001 : User closes ChipWatcher ...
